Alysa,Watkiss,awatkiss0@cmu.edu,Female,85521,Software Engineer IV,Marketing,Yombu
Prue,Cowing,pcowing1@nyu.edu,Female,10879,Legal Assistant,Legal,Zava
Merry,Andor,mandor2@bluehost.com,Female,51647,Environmental Tech,Marketing,Kamba
Thornie,Knewstub,tknewstub3@go.com,Male,10184,Geologist III,Engineering,Jabbersphere
Kathleen,Tacker,ktacker4@loc.gov,Female,85823,Financial Analyst,Research and Development,Kayveo
Kirstin,Gullefant,kgullefant5@taobao.com,Female,58990,Computer Systems Analyst I,Accounting,JumpXS
Jenn,Ferrao,jferrao6@pcworld.com,Female,16083,Marketing Manager,Support,Avavee
Aristotle,Myers,amyers7@eventbrite.com,Male,30762,Health Coach IV,Training,Bubblemix
Virge,Klamp,vklamp8@irs.gov,Male,98386,Payment Adjustment Coordinator,Human Resources,Edgepulse
Elle,Constanza,econstanza9@naver.com,Female,47255,Community Outreach Specialist,Legal,Skimia
Ashley,Custy,acustya@usatoday.com,Female,81384,Programmer III,Business Development,Realcube
Cori,Cater,ccaterb@usda.gov,Female,105387,Quality Engineer,Accounting,Realmix
Kyla,Caherny,kcahernyc@fema.gov,Female,76477,Web Designer III,Business Development,LiveZ
Eilis,Brimilcombe,ebrimilcombed@mlb.com,Female,36620,Pharmacist,Business Development,Gabtype
Kendre,Lappine,klappinee@digg.com,Female,81899,Junior Executive,Sales,Youtags
Willy,Levay,wlevayf@taobao.com,Male,73153,VP Marketing,Engineering,Kare
Georgette,Petyanin,gpetyaning@ocn.ne.jp,Female,101022,Payment Adjustment Coordinator,Human Resources,Feednation
Gusella,Kliche,gklicheh@dell.com,Female,34797,Data Coordiator,Business Development,Fivebridge
Elia,Kirsz,ekirszi@live.com,Male,65581,Product Engineer,Product Management,Skidoo
Ginger,Roscow,groscowj@redcross.org,Female,67219,Payment Adjustment Coordinator,Marketing,Yambee
Ramon,Dafydd,rdafyddk@google.ca,Male,107949,Senior Sales Associate,Accounting,Linktype
Stephenie,Franchyonok,sfranchyonokl@myspace.com,Female,61814,VP Product Management,Engineering,Wikizz
Aluino,Zammett,azammettm@bbb.org,Male,92869,Social Worker,Human Resources,Edgeclub
Lissy,Caverhill,lcaverhilln@yellowbook.com,Female,30802,Nurse Practicioner,Support,Zava
Inger,Boys,iboyso@woothemes.com,Male,86383,Health Coach IV,Sales,Kazu
Addie,Graves,agravesp@cloudflare.com,Female,81310,Project Manager,Human Resources,Yodo
Sutherlan,Floyed,sfloyedq@yelp.com,Male,84158,Account Coordinator,Services,Oyope
Stephan,Wardall,swardallr@nbcnews.com,Male,46453,VP Quality Control,Product Management,Latz
Darya,Saveall,dsavealls@nps.gov,Female,66483,Computer Systems Analyst I,Legal,Quamba
Allix,Linkleter,alinkletert@flickr.com,Female,66055,Physical Therapy Assistant,Sales,Miboo
Isidro,Lye,ilyeu@blogspot.com,Male,38940,Information Systems Manager,Sales,Meemm
Mommy,Jurgenson,mjurgensonv@va.gov,Female,57850,Chemical Engineer,Support,Npath
Sherwynd,Dmitr,sdmitrw@washingtonpost.com,Male,50550,Paralegal,Business Development,Fivechat
Ruddy,Cornforth,rcornforthx@businessweek.com,Male,43881,Accounting Assistant III,Sales,Brainverse
Quincey,Pauleit,qpauleity@google.de,Male,38202,Mechanical Systems Engineer,Human Resources,Dazzlesphere
Isaak,Narbett,inarbettz@reverbnation.com,Male,34327,Electrical Engineer,Accounting,Topicshots
Bern,Denziloe,bdenziloe10@quantcast.com,Male,37366,Editor,Training,Flashspan
Harley,Dana,hdana11@cisco.com,Female,47173,Software Test Engineer II,Training,Yombu
Katinka,Ruggier,kruggier12@sitemeter.com,Female,64732,Occupational Therapist,Engineering,Topicware
Aleksandr,Dockrell,adockrell13@nymag.com,Male,67966,Tax Accountant,Legal,Meevee
Ulick,Righy,urighy14@gmpg.org,Male,34908,Statistician IV,Human Resources,Kwilith
Maxine,Coneley,mconeley15@ning.com,Female,38195,Computer Systems Analyst I,Human Resources,Leexo
Katleen,Vallentin,kvallentin16@amazon.co.jp,Female,91055,Marketing Assistant,Support,Bubbletube
Dolph,Abden,dabden17@sitemeter.com,Male,98836,Budget/Accounting Analyst I,Business Development,Wordware
Addison,Deane,adeane18@flickr.com,Male,9854,Programmer Analyst II,Research and Development,Ailane
Gay,Moncarr,gmoncarr19@pinterest.com,Male,93330,Account Executive,Product Management,Feednation
Gray,Swinn,gswinn1a@yellowbook.com,Male,93853,Geological Engineer,Marketing,Realpoint
Marylou,Agronski,magronski1b@creativecommons.org,Female,100315,VP Product Management,Legal,Einti
Anabel,Gaudon,agaudon1c@people.com.cn,Female,20513,Sales Associate,Sales,Linktype
David,McVity,dmcvity1d@huffingtonpost.com,Male,51867,VP Product Management,Services,Skivee
Killie,Singers,ksingers1e@scientificamerican.com,Male,60573,Social Worker,Training,Fiveclub
Geoff,Wheelan,gwheelan1f@bloglines.com,Male,42044,Civil Engineer,Human Resources,Fivebridge
Cullan,Tibbits,ctibbits1g@google.es,Male,96197,Structural Analysis Engineer,Marketing,Feedfire
Mac,Headley,mheadley1h@diigo.com,Male,80044,Account Executive,Research and Development,Npath
Ilka,Baversor,ibaversor1i@blogs.com,Female,78066,VP Sales,Accounting,Vinder
Hailey,Crummay,hcrummay1j@slate.com,Male,102914,Legal Assistant,Business Development,Feedfish
Vanni,Wilkennson,vwilkennson1k@unicef.org,Female,47900,Social Worker,Support,Feedfire
Flinn,Aronow,faronow1l@si.edu,Male,42453,Senior Quality Engineer,Training,Blogtag
Chauncey,Shoulders,cshoulders1m@imdb.com,Male,102862,Human Resources Assistant I,Training,Aibox
Stirling,Buckthorp,sbuckthorp1n@xinhuanet.com,Male,34144,Research Assistant II,Research and Development,Eadel
Marcelline,Harken,mharken1o@techcrunch.com,Female,49282,Physical Therapy Assistant,Services,Meejo
Aeriela,Harris,aharris1p@va.gov,Female,80437,Accounting Assistant I,Accounting,Gigazoom
Shepherd,Besemer,sbesemer1q@whitehouse.gov,Male,92078,Financial Advisor,Services,Tavu
Barbette,Guirardin,bguirardin1r@creativecommons.org,Female,91326,Senior Financial Analyst,Research and Development,Tekfly
Reid,Aymeric,raymeric1s@sakura.ne.jp,Male,106604,Operator,Legal,Tagcat
Carita,Barson,cbarson1t@hubpages.com,Female,39100,Software Consultant,Engineering,Wordify
Antonin,Syphas,asyphas1u@berkeley.edu,Male,23747,Computer Systems Analyst III,Legal,Abatz
Lyle,Ellwell,lellwell1v@icq.com,Male,18806,Project Manager,Sales,Dynabox
Thatch,Cawt,tcawt1w@indiatimes.com,Male,41711,Environmental Tech,Support,Feedbug
Madalena,Smithies,msmithies1x@tinyurl.com,Female,89592,Business Systems Development Analyst,Sales,Browsebug
Jayme,Aldham,jaldham1y@unicef.org,Male,36162,Quality Engineer,Product Management,Lazzy
Giordano,Pedrocco,gpedrocco1z@comsenz.com,Male,39084,Editor,Human Resources,Mudo
Seward,Pargent,spargent20@nsw.gov.au,Male,102917,Occupational Therapist,Business Development,Kwideo
Tremaine,Regi,tregi21@walmart.com,Male,42661,Administrative Assistant IV,Research and Development,Twitterbeat
Kizzie,Bisco,kbisco22@omniture.com,Female,47554,Software Consultant,Research and Development,Vimbo
Michaela,Normanell,mnormanell23@slate.com,Female,63918,GIS Technical Architect,Training,Oyonder
Farr,Micco,fmicco24@harvard.edu,Male,67557,Teacher,Engineering,Voomm
Rudolfo,Kenwood,rkenwood25@slideshare.net,Male,91177,Help Desk Technician,Human Resources,Yata
Hewett,Jirus,hjirus26@mtv.com,Male,55937,Nuclear Power Engineer,Legal,Camimbo
Mortimer,Bruntje,mbruntje27@shinystat.com,Male,55559,Marketing Assistant,Research and Development,Skyba
Rik,Ingry,ringry28@netscape.com,Male,70817,Administrative Officer,Support,Skiba
Neddy,Mc Curlye,nmccurlye29@booking.com,Male,27199,Staff Scientist,Product Management,Gigazoom
Coop,Dartan,cdartan2a@columbia.edu,Male,69511,Environmental Tech,Research and Development,Viva
Courtnay,Squire,csquire2b@dailymotion.com,Female,18139,Pharmacist,Accounting,Kimia
Donia,Candy,dcandy2c@stanford.edu,Female,11733,Tax Accountant,Engineering,Wordware
Nikki,McGougan,nmcgougan2d@google.com.hk,Male,103514,VP Sales,Support,Zoomdog
Kaela,Briddle,kbriddle2e@japanpost.jp,Female,43742,Desktop Support Technician,Product Management,Jetwire
Tymothy,Rootes,trootes2f@themeforest.net,Male,25124,Senior Financial Analyst,Engineering,Voonyx
Jeffrey,Sahlstrom,jsahlstrom2g@bloglovin.com,Male,100477,Research Assistant III,Support,Izio
Baird,Purkess,bpurkess2h@oakley.com,Male,97546,Sales Associate,Services,Realpoint
Lorinda,Bayldon,lbayldon2i@amazon.co.jp,Female,25029,Account Representative III,Services,Avaveo
Shalom,Tipperton,stipperton2j@bluehost.com,Male,97526,GIS Technical Architect,Sales,Skippad
Jayme,Enion,jenion2k@dmoz.org,Female,72455,Operator,Support,Quaxo
Erna,Slainey,eslainey2l@ucla.edu,Female,56554,Civil Engineer,Product Management,Skibox
Rodolfo,Giaomozzo,rgiaomozzo2m@cnbc.com,Male,65092,Office Assistant I,Human Resources,Rooxo
Jodi,Andrioli,jandrioli2n@weibo.com,Male,33085,Computer Systems Analyst III,Product Management,Oyoyo
Patricio,Normanvell,pnormanvell2o@earthlink.net,Male,34102,Geologist I,Services,Twinder
Debor,Rawsen,drawsen2p@cnn.com,Female,66254,Technical Writer,Services,Lajo
Hobart,Iacomo,hiacomo2q@sphinn.com,Male,26627,Nurse Practicioner,Accounting,Bubblebox
Lock,Wernham,lwernham2r@usnews.com,Male,76199,Executive Secretary,Sales,Kazio
Tonya,Sneller,tsneller2s@gizmodo.com,Female,65230,Occupational Therapist,Engineering,Roodel
Jamesy,Etty,jetty2t@rakuten.co.jp,Male,59114,Assistant Professor,Marketing,Thoughtbridge
Sybille,Fronek,sfronek2u@unc.edu,Female,74451,Safety Technician I,Sales,Dabjam
Lindy,Olin,lolin2v@wisc.edu,Male,85002,VP Product Management,Services,Dynabox
Vidovic,Paquet,vpaquet2w@alexa.com,Male,78795,Food Chemist,Legal,Pixoboo
Seward,Willan,swillan2x@freewebs.com,Male,17147,Senior Cost Accountant,Services,Meezzy
Michaelina,Middle,mmiddle2y@purevolume.com,Female,41033,VP Sales,Marketing,Pixope
Vicky,McAster,vmcaster2z@rediff.com,Female,86636,Programmer II,Accounting,Twitterbeat
Dan,Grivori,dgrivori30@ox.ac.uk,Male,14122,Financial Advisor,Business Development,Avavee
Quill,Dobey,qdobey31@scribd.com,Male,58336,Marketing Manager,Engineering,Aimbu
Marco,Broadhurst,mbroadhurst32@cam.ac.uk,Male,88040,Junior Executive,Human Resources,Babbleblab
Welby,Blyth,wblyth33@xinhuanet.com,Male,53715,Environmental Specialist,Research and Development,Gabtune
Colleen,Prestland,cprestland34@oakley.com,Female,11116,Marketing Manager,Sales,Skyba
Robbie,Symcock,rsymcock35@zimbio.com,Female,87910,Librarian,Accounting,Brainsphere
Earvin,Ellams,eellams36@cnbc.com,Male,106978,Structural Analysis Engineer,Business Development,Trudeo
Hedy,McSharry,hmcsharry37@wordpress.com,Female,100592,Senior Financial Analyst,Human Resources,Centimia
Robby,Lauchlan,rlauchlan38@europa.eu,Male,29751,Librarian,Human Resources,Zava
Mychal,Fareweather,mfareweather39@yellowpages.com,Male,66209,Engineer I,Training,Linklinks
Viva,Panter,vpanter3a@wufoo.com,Female,17417,VP Product Management,Accounting,Blogpad
Gerry,Hutt,ghutt3b@illinois.edu,Male,105667,Recruiting Manager,Human Resources,Voonyx
Miltie,Cockran,mcockran3c@opera.com,Male,14316,Paralegal,Human Resources,Zazio
Querida,Middle,qmiddle3d@bbb.org,Female,89377,Accountant IV,Services,Talane
Enoch,Shirt,eshirt3e@disqus.com,Male,50248,Research Assistant II,Product Management,Edgeclub
Tierney,Lamacraft,tlamacraft3f@google.pl,Female,57972,Recruiting Manager,Product Management,Innojam
Lea,Hendricks,lhendricks3g@youtube.com,Female,70927,Senior Financial Analyst,Product Management,Thoughtmix
Georgena,Duke,gduke3h@apple.com,Female,52202,Computer Systems Analyst IV,Services,Innojam
Carroll,Lethbury,clethbury3i@fda.gov,Male,48626,VP Product Management,Marketing,Brightbean
Rickert,Verni,rverni3j@pcworld.com,Male,100983,Operator,Engineering,Rhycero
Darsey,Braunthal,dbraunthal3k@lycos.com,Female,88855,Payment Adjustment Coordinator,Research and Development,Dabshots
Jarad,Pedwell,jpedwell3l@webmd.com,Male,18717,Structural Engineer,Accounting,Roodel
Charlotte,Camerati,ccamerati3m@merriam-webster.com,Female,25897,Nurse,Marketing,Brainlounge
Sully,Terron,sterron3n@mysql.com,Male,30721,Financial Advisor,Research and Development,Tagpad
Timotheus,Humphries,thumphries3o@uiuc.edu,Male,36720,Associate Professor,Accounting,Leexo
Jenelle,Odde,jodde3p@macromedia.com,Female,39054,Senior Financial Analyst,Accounting,Skinte
Crysta,Worgen,cworgen3q@yahoo.co.jp,Female,54315,Human Resources Manager,Marketing,Rhyloo
Salvatore,Chominski,schominski3r@alexa.com,Male,63258,Assistant Media Planner,Support,Quinu
Alix,Sharrocks,asharrocks3s@army.mil,Male,60794,Desktop Support Technician,Legal,Jaxworks
Antoine,Eagle,aeagle3t@vistaprint.com,Male,46694,Librarian,Legal,Wikizz
Mela,Powlesland,mpowlesland3u@techcrunch.com,Female,12193,Engineer III,Marketing,Wordware
Bendix,Amps,bamps3v@slashdot.org,Male,93279,Administrative Officer,Services,Realfire
Delores,Jonczyk,djonczyk3w@dell.com,Female,103495,Financial Advisor,Engineering,Gabtune
Orelee,Davitashvili,odavitashvili3x@census.gov,Female,50351,Staff Scientist,Services,Fliptune
Persis,Lukins,plukins3y@stanford.edu,Female,33858,Actuary,Research and Development,Quatz
Devina,Gisby,dgisby3z@parallels.com,Female,104003,Senior Cost Accountant,Accounting,Photobean
Ginnifer,Caselick,gcaselick40@ustream.tv,Female,80203,Marketing Manager,Engineering,Gevee
Jaquenette,Tabram,jtabram41@shinystat.com,Female,98376,Associate Professor,Services,Tagpad
Kaia,Tremollet,ktremollet42@networksolutions.com,Female,83958,Assistant Media Planner,Business Development,Realmix
Valentina,Bernaldo,vbernaldo43@virginia.edu,Female,66217,Payment Adjustment Coordinator,Training,Yodoo
Tallulah,Lynock,tlynock44@digg.com,Female,27007,Graphic Designer,Research and Development,Livetube
Dreddy,Waliszek,dwaliszek45@weebly.com,Female,60179,Senior Quality Engineer,Training,Aimbo
Selina,Taberer,staberer46@examiner.com,Female,101965,Software Engineer I,Training,Zoomcast
Audy,Dioniso,adioniso47@deviantart.com,Female,63799,Graphic Designer,Sales,Mybuzz
Grange,Pusey,gpusey48@amazon.co.jp,Male,31830,Community Outreach Specialist,Training,Photobean
Chico,Redmond,credmond49@bizjournals.com,Male,54702,Desktop Support Technician,Marketing,Zoozzy
Sayer,Abbs,sabbs4a@tmall.com,Male,26962,Budget/Accounting Analyst IV,Legal,JumpXS
Justino,Beecraft,jbeecraft4b@usnews.com,Male,68275,Junior Executive,Accounting,Plambee
Derrek,Reedy,dreedy4c@zdnet.com,Male,48846,Office Assistant I,Training,Skivee
Julita,Mallabon,jmallabon4d@tuttocitta.it,Female,14365,Sales Representative,Human Resources,Avavee
Suzann,Filyaev,sfilyaev4e@youtu.be,Female,86188,Mechanical Systems Engineer,Accounting,Jabberbean
Meredith,Jannaway,mjannaway4f@ameblo.jp,Female,89120,Nurse Practicioner,Sales,Yombu
Herbie,Bowfin,hbowfin4g@simplemachines.org,Male,83319,Help Desk Operator,Research and Development,Skilith
Antoine,Coucha,acoucha4h@t-online.de,Male,39316,Research Assistant II,Product Management,Youbridge
Debra,Bourdas,dbourdas4i@slideshare.net,Female,47197,Speech Pathologist,Marketing,Tanoodle
Joyann,Charrisson,jcharrisson4j@alibaba.com,Female,34389,Help Desk Technician,Marketing,Layo
Remy,Cutmere,rcutmere4k@yolasite.com,Female,59641,Assistant Media Planner,Product Management,Einti
Tabitha,Stilldale,tstilldale4l@dailymotion.com,Female,24354,Clinical Specialist,Accounting,Yambee
Brucie,Ivanets,bivanets4m@tiny.cc,Male,75204,Mechanical Systems Engineer,Accounting,Abatz
Mehetabel,Revie,mrevie4n@ehow.com,Female,19510,Research Assistant II,Services,Twitternation
Natalya,Flohard,nflohard4o@baidu.com,Female,12645,Accountant II,Product Management,Youtags
Elane,Meiklam,emeiklam4p@webnode.com,Female,20043,Recruiting Manager,Services,Oyondu
Mallissa,Savege,msavege4q@cisco.com,Female,99440,Legal Assistant,Research and Development,Katz
Granger,Ovett,govett4r@wired.com,Male,47861,Operator,Marketing,Minyx
Holden,Minelli,hminelli4s@xing.com,Male,51753,Social Worker,Business Development,Gigashots
Perla,Pittman,ppittman4t@typepad.com,Female,58268,Nurse Practicioner,Training,Eabox
Kellen,Winkett,kwinkett4u@yale.edu,Female,96862,VP Quality Control,Legal,Linklinks
Jennie,Frow,jfrow4v@dot.gov,Female,79398,Physical Therapy Assistant,Legal,Topiczoom
Marysa,Ragsdale,mragsdale4w@admin.ch,Female,8649,Nurse,Accounting,Devcast
Constantino,Darlaston,cdarlaston4x@webnode.com,Male,91816,Cost Accountant,Accounting,Yambee
Allen,Blose,ablose4y@theatlantic.com,Male,21826,Teacher,Business Development,Devshare
Wells,Pettegre,wpettegre4z@wix.com,Male,105712,Physical Therapy Assistant,Training,Tagpad
Alvan,Philot,aphilot50@cdbaby.com,Male,72947,Accounting Assistant III,Human Resources,Eidel
Heida,Chatelain,hchatelain51@chronoengine.com,Female,15257,Physical Therapy Assistant,Marketing,Agivu
Munroe,Collingdon,mcollingdon52@harvard.edu,Male,58320,Legal Assistant,Human Resources,Pixonyx
Barnabe,Frany,bfrany53@vkontakte.ru,Male,63240,GIS Technical Architect,Sales,Eadel
Vanessa,Bearcock,vbearcock54@nytimes.com,Female,16535,Senior Developer,Business Development,Linkbuzz
Hercules,Coneau,hconeau55@blinklist.com,Male,49521,Clinical Specialist,Product Management,Gevee
Modesta,Kerslake,mkerslake56@yahoo.com,Female,27940,VP Sales,Services,Reallinks
Elena,Stanes,estanes57@i2i.jp,Female,20615,Paralegal,Product Management,Topicblab
Delia,Kirkness,dkirkness58@cloudflare.com,Female,72148,Senior Developer,Research and Development,Dynava
Tabina,Tresise,ttresise59@oakley.com,Female,31218,Budget/Accounting Analyst II,Product Management,Edgeify
Geno,Ansell,gansell5a@blogger.com,Male,80506,Product Engineer,Engineering,Photospace
Modesta,Tomenson,mtomenson5b@mapquest.com,Female,105329,Assistant Manager,Legal,Gabvine
Yank,Brunsdon,ybrunsdon5c@webnode.com,Male,60634,Biostatistician I,Legal,Flipopia
Judie,Kuhnke,jkuhnke5d@shareasale.com,Female,75945,Account Coordinator,Legal,Latz
Warden,Pescod,wpescod5e@ask.com,Male,34987,Web Developer IV,Sales,Vipe
Harriette,Peace,hpeace5f@youku.com,Female,99364,Dental Hygienist,Services,Photobug
Zaccaria,Pettko,zpettko5g@indiegogo.com,Male,78878,Account Representative II,Product Management,Bluezoom
Tonya,O'Neill,toneill5h@elegantthemes.com,Female,55257,Project Manager,Support,Skivee
Joline,Nafziger,jnafziger5i@sakura.ne.jp,Female,11047,Chief Design Engineer,Legal,Brainverse
Alister,Satterly,asatterly5j@hao123.com,Male,107614,Tax Accountant,Services,Trilith
Barr,Petican,bpetican5k@usa.gov,Male,86291,Quality Control Specialist,Product Management,Oyondu
Si,Melarkey,smelarkey5l@pen.io,Male,30558,Marketing Manager,Marketing,Flashspan
Brynne,Noell,bnoell5m@thetimes.co.uk,Female,14990,Automation Specialist III,Legal,Gigaclub
Raviv,Marriage,rmarriage5n@ucla.edu,Male,58159,Chemical Engineer,Training,Mita
Henryetta,Davys,hdavys5o@nasa.gov,Female,31585,Graphic Designer,Support,Linkbuzz
Auberon,Junifer,ajunifer5p@home.pl,Male,29469,Environmental Tech,Engineering,Realpoint
Bernetta,Roos,broos5q@clickbank.net,Female,91644,Environmental Tech,Services,Skilith
Bard,Carlin,bcarlin5r@phoca.cz,Male,48424,Cost Accountant,Legal,Oyoba
Thorsten,Aberdalgy,taberdalgy5s@macromedia.com,Male,59463,Legal Assistant,Legal,Omba
Bethena,Fouracre,bfouracre5t@moonfruit.com,Female,56252,Structural Engineer,Marketing,Oyonder
Abie,Axby,aaxby5u@istockphoto.com,Male,77133,Chief Design Engineer,Accounting,Thoughtsphere
Torry,Mothersole,tmothersole5v@who.int,Male,53207,Media Manager III,Product Management,Abata
Tallie,Bertl,tbertl5w@japanpost.jp,Female,103492,Marketing Assistant,Sales,Twitterbridge
Johannes,Lackeye,jlackeye5x@surveymonkey.com,Male,27154,Project Manager,Research and Development,Meejo
Augy,Penk,apenk5y@about.com,Male,75290,Senior Financial Analyst,Sales,Bluejam
Mada,Bartos,mbartos5z@hostgator.com,Female,57000,Dental Hygienist,Support,Yozio
Willamina,Rentoul,wrentoul60@java.com,Female,52581,Physical Therapy Assistant,Engineering,Skimia
Abagael,Skelington,askelington61@friendfeed.com,Female,76465,Geological Engineer,Services,Tazz
Farrel,Cheales,fcheales62@purevolume.com,Male,24285,Environmental Tech,Sales,Katz
Zorine,Lanphere,zlanphere63@home.pl,Female,39633,Administrative Assistant I,Legal,Devpulse
Hobey,Rahl,hrahl64@xinhuanet.com,Male,104928,Staff Scientist,Marketing,Skinder
Martha,Abeau,mabeau65@dailymotion.com,Female,11066,Help Desk Operator,Business Development,Twitterwire
Nellie,Gildroy,ngildroy66@google.nl,Female,58255,GIS Technical Architect,Accounting,Meetz
Alford,Croysdale,acroysdale67@sohu.com,Male,59130,Account Representative IV,Product Management,Pixonyx
Toby,Stallebrass,tstallebrass68@yellowpages.com,Male,46930,Automation Specialist IV,Legal,Topiclounge
Smith,Denis,sdenis69@engadget.com,Male,46045,Biostatistician I,Legal,Eamia
Piper,Cranage,pcranage6a@purevolume.com,Female,89537,Human Resources Manager,Marketing,Fanoodle
Marty,Hovee,mhovee6b@over-blog.com,Female,44475,Financial Advisor,Marketing,Skaboo
Bryn,Caze,bcaze6c@hud.gov,Female,85672,Mechanical Systems Engineer,Sales,Izio
Mechelle,Gosden,mgosden6d@paypal.com,Female,41474,Technical Writer,Research and Development,Skalith
Norton,Piens,npiens6e@marketwatch.com,Male,89433,Associate Professor,Support,Wikizz
Lucias,Noir,lnoir6f@squarespace.com,Male,13719,Administrative Assistant II,Business Development,Twinte
Park,Kissick,pkissick6g@craigslist.org,Male,55964,Community Outreach Specialist,Business Development,Zoomdog
Zsa zsa,Portigall,zportigall6h@macromedia.com,Female,53884,Environmental Specialist,Accounting,Blognation
Binni,Bees,bbees6i@webmd.com,Female,63912,Staff Accountant II,Support,Oyoba
Rockwell,Degenhardt,rdegenhardt6j@hexun.com,Male,38846,Tax Accountant,Accounting,Centidel
Brendis,Keemer,bkeemer6k@seesaa.net,Male,81729,Marketing Manager,Engineering,Skippad
Jeanna,Brady,jbrady6l@sun.com,Female,99369,Help Desk Operator,Business Development,Livetube
Kiley,Rosberg,krosberg6m@qq.com,Female,10292,VP Product Management,Engineering,Photojam
Hershel,Mumbray,hmumbray6n@ca.gov,Male,32929,Information Systems Manager,Marketing,Wordtune
Cly,Cockayme,ccockayme6o@artisteer.com,Male,87559,Senior Financial Analyst,Marketing,Realbridge
Donelle,MacSorley,dmacsorley6p@mayoclinic.com,Female,18547,Quality Control Specialist,Business Development,Riffpedia
Sandi,Bartolomeo,sbartolomeo6q@epa.gov,Female,106144,VP Product Management,Sales,Yakitri
Melesa,Shepland,mshepland6r@hhs.gov,Female,88659,Senior Developer,Human Resources,Yombu
Charlena,Barnshaw,cbarnshaw6s@nps.gov,Female,51737,Human Resources Manager,Support,Katz
Nils,Goodhew,ngoodhew6t@mozilla.org,Male,81184,Accountant III,Marketing,Topiczoom
Siegfried,Fassbender,sfassbender6u@addtoany.com,Male,46070,Recruiting Manager,Marketing,Yabox
Ardath,Probbings,aprobbings6v@twitter.com,Female,13481,Cost Accountant,Sales,Demivee
Bordie,Tomaszynski,btomaszynski6w@flavors.me,Male,25114,Geologist IV,Business Development,Yodel
Marguerite,Bees,mbees6x@google.ca,Female,88618,Assistant Manager,Product Management,Dynazzy
Margy,Quesne,mquesne6y@linkedin.com,Female,76959,Research Assistant II,Human Resources,Babblestorm
Arnuad,Scolland,ascolland6z@domainmarket.com,Male,73654,Physical Therapy Assistant,Services,Skalith
Gussie,Sharman,gsharman70@nsw.gov.au,Female,79041,Structural Analysis Engineer,Training,Skimia
Zelda,Renforth,zrenforth71@nature.com,Female,36977,Senior Cost Accountant,Product Management,Voomm
Travus,Tillett,ttillett72@dailymotion.com,Male,100230,Software Consultant,Sales,Topdrive
Perla,Gudde,pgudde73@webeden.co.uk,Female,39510,Teacher,Training,Abata
Armstrong,Tavernor,atavernor74@hc360.com,Male,102496,Design Engineer,Training,Gabvine
Audi,Van Der Weedenburg,avanderweedenburg75@techcrunch.com,Female,45936,Editor,Engineering,Youtags
Melly,Beven,mbeven76@imageshack.us,Female,72087,Speech Pathologist,Sales,Devcast
Faustina,Pritchitt,fpritchitt77@nhs.uk,Female,31096,Electrical Engineer,Marketing,Mudo
Everard,O'Crotty,eocrotty78@microsoft.com,Male,81165,Computer Systems Analyst I,Accounting,Voolith
Nikkie,Halvosen,nhalvosen79@phoca.cz,Female,80349,Actuary,Training,Thoughtstorm
Lois,Janaway,ljanaway7a@wired.com,Female,83648,Analog Circuit Design manager,Accounting,Lajo
Tomkin,Grishenkov,tgrishenkov7b@drupal.org,Male,29399,Payment Adjustment Coordinator,Support,Wordify
Grazia,Matthesius,gmatthesius7c@cbsnews.com,Female,31004,Pharmacist,Human Resources,Mymm
Care,Jinkins,cjinkins7d@ucoz.ru,Male,67958,Tax Accountant,Marketing,Jamia
Marcelline,Laverenz,mlaverenz7e@google.com.br,Female,53958,GIS Technical Architect,Product Management,Skippad
Eva,Yakutin,eyakutin7f@livejournal.com,Female,72469,Paralegal,Services,Skynoodle
Rhea,Klima,rklima7g@bloomberg.com,Female,33822,Assistant Professor,Legal,Tekfly
Forrest,Slimon,fslimon7h@about.com,Male,103861,Registered Nurse,Engineering,Eadel
Ketty,Villa,kvilla7i@bbb.org,Female,87577,Nurse Practicioner,Marketing,Twimm
Berrie,Bugbee,bbugbee7j@meetup.com,Female,67100,Graphic Designer,Engineering,Zoomlounge
Flss,Lammerding,flammerding7k@last.fm,Female,77708,VP Marketing,Business Development,Ozu
Jeremias,Czyz,jczyz7l@vk.com,Male,57717,Internal Auditor,Training,Topdrive
Hodge,Bishell,hbishell7m@digg.com,Male,72212,Product Engineer,Human Resources,Zoonder
Hedvige,Cumbers,hcumbers7n@zimbio.com,Female,73000,Geologist I,Sales,Livetube
Brian,Boscott,bboscott7o@auda.org.au,Male,90811,Engineer II,Research and Development,Linktype
Barty,Oldland,boldland7p@fema.gov,Male,63427,Executive Secretary,Research and Development,Photolist
Cristie,Derrett,cderrett7q@nhs.uk,Female,87158,Editor,Training,Feedspan
Ramsay,Ballantine,rballantine7r@cornell.edu,Male,47502,Legal Assistant,Engineering,Avaveo
Margit,Trehearn,mtrehearn7s@addtoany.com,Female,78918,Senior Sales Associate,Training,Devpulse
Gallagher,Kenyam,gkenyam7t@vinaora.com,Male,21677,Nurse,Human Resources,Jatri
Cookie,Girardetti,cgirardetti7u@thetimes.co.uk,Female,32129,Registered Nurse,Accounting,Meemm
Husein,Battaille,hbattaille7v@w3.org,Male,46926,Recruiter,Sales,Rhynyx
Scot,Houlison,shoulison7w@army.mil,Male,28957,Executive Secretary,Legal,Devify
Reinhard,Peers,rpeers7x@weather.com,Male,71950,Desktop Support Technician,Sales,Agimba
Danella,Leatham,dleatham7y@t-online.de,Female,81983,Payment Adjustment Coordinator,Human Resources,Gigazoom
Harrison,Pummery,hpummery7z@yahoo.com,Male,75145,VP Sales,Support,Realbuzz
Christal,Hutchens,chutchens80@sun.com,Female,11853,Marketing Assistant,Support,Browseblab
Yorgos,Gonzales,ygonzales81@wordpress.com,Male,47261,Pharmacist,Human Resources,Yacero
Kizzee,Really,kreally82@clickbank.net,Female,31818,Account Coordinator,Product Management,Meevee
Kaleb,Balfe,kbalfe83@weibo.com,Male,73721,Payment Adjustment Coordinator,Legal,Tagopia
Hortensia,Dallaghan,hdallaghan84@mediafire.com,Female,91581,Media Manager III,Sales,Photobean
Goldy,Scamp,gscamp85@taobao.com,Female,30712,Legal Assistant,Research and Development,Gabtune
Tailor,Bill,tbill86@bbb.org,Male,79652,Environmental Specialist,Services,Skalith
Adan,Jeste,ajeste87@chicagotribune.com,Female,14870,Payment Adjustment Coordinator,Product Management,Yambee
Dierdre,Chattoe,dchattoe88@free.fr,Female,37705,Account Coordinator,Accounting,Thoughtstorm
Heall,Meardon,hmeardon89@liveinternet.ru,Male,26044,Biostatistician II,Engineering,Bubblemix
Becca,Askell,baskell8a@google.it,Female,51919,Geologist IV,Human Resources,Mynte
Kipp,O'Caherny,kocaherny8b@slideshare.net,Female,62259,Structural Analysis Engineer,Legal,Wordtune
Becca,Hadwin,bhadwin8c@simplemachines.org,Female,64523,Community Outreach Specialist,Legal,Bluejam
Janella,Tollfree,jtollfree8d@sogou.com,Female,29460,Chemical Engineer,Sales,Muxo
Meta,Gypson,mgypson8e@furl.net,Female,71239,Environmental Tech,Legal,Buzzbean
Seumas,Follet,sfollet8f@umn.edu,Male,69240,Structural Engineer,Research and Development,Tazz
Batholomew,Jeffree,bjeffree8g@forbes.com,Male,64796,Director of Sales,Business Development,Oloo
Sonnie,Daber,sdaber8h@sun.com,Male,18394,Recruiter,Research and Development,Snaptags
Cloris,Spracklin,cspracklin8i@miitbeian.gov.cn,Female,105199,Automation Specialist III,Support,Omba
Everett,Yele,eyele8j@vk.com,Male,26674,Help Desk Technician,Business Development,BlogXS
Randie,Cobden,rcobden8k@rambler.ru,Female,87373,Clinical Specialist,Research and Development,Thoughtbeat
Osborne,Peskin,opeskin8l@omniture.com,Male,81697,Help Desk Technician,Human Resources,Fivebridge
Alfonso,Jesson,ajesson8m@imgur.com,Male,98554,Senior Financial Analyst,Human Resources,Eabox
Essie,Greeves,egreeves8n@wp.com,Female,65847,Executive Secretary,Sales,Meejo
Franky,Klemenz,fklemenz8o@nyu.edu,Male,96521,GIS Technical Architect,Human Resources,Edgepulse
Kris,Teague,kteague8p@fastcompany.com,Male,38983,Budget/Accounting Analyst II,Training,Nlounge
Martguerita,Reuther,mreuther8q@imageshack.us,Female,92992,Pharmacist,Business Development,Tekfly
Alair,Eberz,aeberz8r@usa.gov,Male,19818,Quality Engineer,Human Resources,Vinte
Gard,Myderscough,gmyderscough8s@constantcontact.com,Male,37836,Cost Accountant,Product Management,Trilith
Dionis,Hendriksen,dhendriksen8t@google.com.au,Female,71794,Software Consultant,Product Management,Brainverse
Yoshiko,Kellert,ykellert8u@opensource.org,Female,96433,Recruiter,Accounting,Avamm
Jamil,Skydall,jskydall8v@va.gov,Male,28109,Software Consultant,Research and Development,Midel
Brewer,McConnel,bmcconnel8w@toplist.cz,Male,62491,Assistant Manager,Services,Mydeo
Odie,Savary,osavary8x@clickbank.net,Male,22520,Accounting Assistant III,Legal,Roomm
Giselle,Hawkswell,ghawkswell8y@biglobe.ne.jp,Female,20654,Accountant I,Sales,Meembee
Adan,Lawson,alawson8z@goodreads.com,Male,88053,Associate Professor,Product Management,Quimba
Artair,Hanscome,ahanscome90@posterous.com,Male,37446,Staff Scientist,Sales,Plambee
Maxim,Franke,mfranke91@last.fm,Male,88558,Engineer III,Support,Skivee
Marv,Briiginshaw,mbriiginshaw92@mozilla.org,Male,82194,Sales Representative,Legal,Lazzy
Ryan,Gethen,rgethen93@php.net,Male,41852,Cost Accountant,Product Management,Eazzy
Corbie,Steptowe,csteptowe94@bing.com,Male,15015,Registered Nurse,Accounting,Tekfly
Kimmy,Billie,kbillie95@moonfruit.com,Female,90108,Clinical Specialist,Marketing,Edgepulse
Briggs,Tough,btough96@imdb.com,Male,48695,Editor,Support,Yoveo
Iorgos,Marler,imarler97@comsenz.com,Male,45458,Recruiting Manager,Research and Development,Brightbean
Essy,Zold,ezold98@spiegel.de,Female,37282,Health Coach IV,Research and Development,Skajo
Lane,Cromblehome,lcromblehome99@hexun.com,Male,92864,Recruiting Manager,Support,Muxo
Borden,Gabler,bgabler9a@canalblog.com,Male,54149,Software Engineer I,Business Development,Reallinks
Joletta,Dunstan,jdunstan9b@fastcompany.com,Female,54118,Professor,Product Management,Tazz
Mag,Boise,mboise9c@ask.com,Female,92787,Administrative Assistant IV,Support,Wordify
Benedikt,McAulay,bmcaulay9d@cnn.com,Male,70414,Automation Specialist I,Support,Yabox
Jeffry,Bushrod,jbushrod9e@cafepress.com,Male,48971,Research Assistant II,Engineering,Mydo
Rodi,Fawke,rfawke9f@quantcast.com,Female,82265,Administrative Officer,Services,Youbridge
Sanford,Burtwistle,sburtwistle9g@e-recht24.de,Male,80487,Technical Writer,Engineering,Youspan
Mada,Poleye,mpoleye9h@globo.com,Female,56356,Environmental Specialist,Research and Development,Oyondu
Ivory,Maginot,imaginot9i@ezinearticles.com,Female,41455,Chemical Engineer,Business Development,Voonyx
Richardo,Howick,rhowick9j@gnu.org,Male,16280,Media Manager I,Human Resources,Zoonder
Mattie,Becarra,mbecarra9k@imgur.com,Male,105293,Tax Accountant,Engineering,Gigabox
Emlynne,Wooland,ewooland9l@behance.net,Female,14712,Physical Therapy Assistant,Support,Skipfire
Ettore,Wasiel,ewasiel9m@cargocollective.com,Male,9019,Sales Representative,Support,Trupe
Uriel,Curnok,ucurnok9n@scribd.com,Male,95178,Staff Accountant III,Training,Dabfeed
Isis,Gannan,igannan9o@over-blog.com,Female,23268,Junior Executive,Services,Mynte
Imogen,Hagger,ihagger9p@quantcast.com,Female,75314,Community Outreach Specialist,Product Management,Kayveo
Paige,Andrieux,pandrieux9q@google.cn,Male,57028,Programmer III,Training,Kazio
Diarmid,Vanderplas,dvanderplas9r@usnews.com,Male,74259,Research Assistant II,Sales,Zoomzone
Clementine,Clarson,cclarson9s@purevolume.com,Female,74187,Software Engineer I,Accounting,Dynabox
Hermie,Brattell,hbrattell9t@indiegogo.com,Male,43170,Sales Associate,Services,Ailane
Adolph,Garlett,agarlett9u@e-recht24.de,Male,83113,Business Systems Development Analyst,Sales,Yabox
Jackie,Santostefano.,jsantostefano9v@japanpost.jp,Female,81863,Quality Engineer,Services,Reallinks
Letta,Morrilly,lmorrilly9w@google.de,Female,54178,Web Designer II,Training,Brightbean
Kory,De Giorgis,kdegiorgis9x@taobao.com,Male,57954,Occupational Therapist,Training,Thoughtstorm
Bryant,Stainson,bstainson9y@accuweather.com,Male,28699,Software Test Engineer III,Product Management,Gigazoom
Milly,Devereux,mdevereux9z@pen.io,Female,21895,Graphic Designer,Training,Voomm
Ethelred,Huccaby,ehuccabya0@ucla.edu,Male,43062,Web Designer III,Training,Fivespan
Rabi,Bicknell,rbicknella1@multiply.com,Male,81287,Operator,Training,Oyoloo
Melvyn,Barta,mbartaa2@istockphoto.com,Male,71358,Pharmacist,Accounting,Divanoodle
Jasun,Spratling,jspratlinga3@nhs.uk,Male,78519,General Manager,Legal,Divape
Boot,Arondel,barondela4@odnoklassniki.ru,Male,88625,Payment Adjustment Coordinator,Marketing,Flashdog
Gavan,Abbiss,gabbissa5@berkeley.edu,Male,35708,Pharmacist,Services,Chatterpoint
Matteo,Pierro,mpierroa6@nature.com,Male,84777,VP Sales,Research and Development,Reallinks
Tracie,Sweatland,tsweatlanda7@upenn.edu,Female,18079,Operator,Marketing,Fiveclub
Felecia,Kundt,fkundta8@wordpress.com,Female,52666,General Manager,Support,Demivee
Pam,Firmage,pfirmagea9@businessinsider.com,Female,22315,Occupational Therapist,Human Resources,Pixoboo
Emmott,Philpault,ephilpaultaa@plala.or.jp,Male,88676,Analyst Programmer,Human Resources,Browsecat
Rennie,McConway,rmcconwayab@google.de,Female,42819,Geologist II,Human Resources,Gigazoom
Jessamyn,Kiggel,jkiggelac@cargocollective.com,Female,30695,Internal Auditor,Services,Realblab
Adolphus,Burnsides,aburnsidesad@themeforest.net,Male,83227,Chief Design Engineer,Services,Demizz
Brigid,Delmonti,bdelmontiae@hhs.gov,Female,91289,Graphic Designer,Services,Jetwire
Dorette,O'Gready,dogreadyaf@clickbank.net,Female,48390,Nurse,Product Management,Realbuzz
Zea,Bisco,zbiscoag@joomla.org,Female,8624,VP Product Management,Accounting,Meeveo
Jan,Kofax,jkofaxah@fema.gov,Male,74220,Electrical Engineer,Legal,Meevee
Zola,Cescotti,zcescottiai@usda.gov,Female,12286,Chief Design Engineer,Training,Centimia
Darbie,Blasius,dblasiusaj@imgur.com,Female,20552,Staff Scientist,Support,Blognation
Marrissa,Cornu,mcornuak@cmu.edu,Female,98889,Chemical Engineer,Business Development,Zoomlounge
Deidre,Kendle,dkendleal@home.pl,Female,42527,Staff Accountant IV,Accounting,Gigazoom
Golda,Scouler,gscouleram@google.com.au,Female,99162,Accountant I,Human Resources,Topiclounge
Conchita,Hanscomb,chanscomban@sitemeter.com,Female,80560,Associate Professor,Training,Zoonoodle
Lorant,Ipsley,lipsleyao@scientificamerican.com,Male,60468,Recruiting Manager,Engineering,Yakitri
Ranice,Curner,rcurnerap@issuu.com,Female,75685,Cost Accountant,Sales,Buzzdog
Olimpia,Sainte Paul,osaintepaulaq@bizjournals.com,Female,103823,Administrative Assistant I,Business Development,Riffpath
Nollie,McLorinan,nmclorinanar@bloglines.com,Female,65533,VP Product Management,Research and Development,Digitube
Lauretta,Sheraton,lsheratonas@ftc.gov,Female,21197,Analyst Programmer,Legal,Realpoint
Merrily,Welbourn,mwelbournat@businessweek.com,Female,75003,Health Coach IV,Marketing,Bubbletube
Sybilla,Bramich,sbramichau@omniture.com,Female,50155,Graphic Designer,Engineering,Reallinks
Jackqueline,Mylchreest,jmylchreestav@shutterfly.com,Female,102577,Marketing Manager,Marketing,Quinu
Chandal,Seeler,cseeleraw@over-blog.com,Female,106181,Account Coordinator,Sales,Wikivu
Kristofer,Ferrino,kferrinoax@spiegel.de,Male,31055,Director of Sales,Training,Quinu
Ange,Lyndon,alyndonay@businessweek.com,Female,76826,Recruiting Manager,Legal,Kazio
Phillida,Follin,pfollinaz@army.mil,Female,97277,Desktop Support Technician,Sales,Zoonder
Elsey,Wagerfield,ewagerfieldb0@blinklist.com,Female,48764,Human Resources Assistant IV,Engineering,Riffpedia
Vernen,Lumbers,vlumbersb1@flavors.me,Male,26935,Technical Writer,Sales,Dablist
Katie,Routledge,kroutledgeb2@ucoz.com,Female,54775,Marketing Assistant,Engineering,Dablist
Catlee,Farnfield,cfarnfieldb3@uol.com.br,Female,84739,Software Test Engineer IV,Research and Development,Yabox
Tabina,Yeldham,tyeldhamb4@feedburner.com,Female,10764,Librarian,Training,Viva
Yorker,Macoun,ymacounb5@irs.gov,Male,39480,Analyst Programmer,Marketing,Bubbletube
Rutger,Duggon,rduggonb6@ibm.com,Male,34685,Recruiter,Marketing,Jabberbean
Karalynn,Eymor,keymorb7@xinhuanet.com,Female,94654,Accountant II,Legal,Yata
Debee,Howels,dhowelsb8@ning.com,Female,63842,Social Worker,Research and Development,Topicblab
Edi,Budnk,ebudnkb9@sciencedaily.com,Female,64995,Occupational Therapist,Marketing,Eimbee
Angel,Braitling,abraitlingba@google.es,Male,53557,Nurse,Marketing,Wordtune
Caryl,Ainslie,cainsliebb@state.tx.us,Male,19518,Environmental Tech,Training,Jatri
Lanny,Levitt,llevittbc@shutterfly.com,Female,25261,Analyst Programmer,Training,DabZ
Fayina,Borrel,fborrelbd@thetimes.co.uk,Female,16821,Actuary,Product Management,Skipstorm
Elnar,Drinan,edrinanbe@seesaa.net,Male,39383,Financial Analyst,Legal,Plajo
Caril,Hovington,chovingtonbf@odnoklassniki.ru,Female,26375,Help Desk Technician,Engineering,Dabjam
Karee,Caddie,kcaddiebg@creativecommons.org,Female,101047,Statistician II,Support,Cogidoo
Nana,Thecham,nthechambh@blogs.com,Female,35687,Desktop Support Technician,Services,Tagopia
Galina,Bulpitt,gbulpittbi@si.edu,Female,85413,Director of Sales,Sales,Wordtune
Harbert,Ratnage,hratnagebj@feedburner.com,Male,104124,Desktop Support Technician,Human Resources,Twitterworks
Ilse,Furness,ifurnessbk@senate.gov,Female,24299,VP Product Management,Engineering,Realpoint
Lanita,Crippill,lcrippillbl@alexa.com,Female,39474,Senior Developer,Product Management,Myworks
Mordy,Kuhnert,mkuhnertbm@amazonaws.com,Male,9374,Occupational Therapist,Product Management,Thoughtblab
Quincey,Olivey,qoliveybn@over-blog.com,Male,61065,Accountant I,Sales,Pixonyx
Si,Oakwood,soakwoodbo@bbb.org,Male,28206,Systems Administrator I,Research and Development,Mynte
Shelba,Castri,scastribp@ebay.co.uk,Female,104875,Staff Accountant II,Support,Zoombeat
Hussein,Matushenko,hmatushenkobq@ustream.tv,Male,61722,Marketing Manager,Marketing,Minyx
Carri,Baddiley,cbaddileybr@cnbc.com,Female,77065,Computer Systems Analyst II,Support,Trupe
Reginald,Wilks,rwilksbs@washington.edu,Male,97410,Civil Engineer,Product Management,Kwideo
Chester,Hessay,chessaybt@state.gov,Male,16127,Chemical Engineer,Human Resources,Cogidoo
Gunar,Manolov,gmanolovbu@phoca.cz,Male,70098,Senior Quality Engineer,Human Resources,Photobug
Modesty,Langdon,mlangdonbv@seattletimes.com,Female,53317,Account Representative IV,Human Resources,Centizu
Gilberto,Scedall,gscedallbw@techcrunch.com,Male,43212,GIS Technical Architect,Marketing,Jatri
Nannie,O' Quirk,noquirkbx@ted.com,Female,106605,Senior Editor,Business Development,Gabtype
Johannes,Burnip,jburnipby@technorati.com,Male,78448,Administrative Officer,Training,Babbleblab
Randy,Serginson,rserginsonbz@dropbox.com,Female,41568,Civil Engineer,Marketing,Gigaclub
Jeanelle,Mills,jmillsc0@sakura.ne.jp,Female,99977,Electrical Engineer,Marketing,Browsezoom
Dayna,Troth,dtrothc1@ezinearticles.com,Female,83127,Information Systems Manager,Support,Topicware
Huntlee,Jedraszczyk,hjedraszczykc2@alexa.com,Male,69350,Assistant Professor,Legal,Skyba
Denis,Scud,dscudc3@amazonaws.com,Male,52849,Quality Control Specialist,Legal,Jetpulse
Rene,Truran,rtruranc4@jugem.jp,Female,94717,Operator,Marketing,Pixoboo
Brod,Ropkes,bropkesc5@businessweek.com,Male,100131,Social Worker,Support,Voomm
Giavani,Helis,ghelisc6@linkedin.com,Male,103678,Data Coordiator,Product Management,Flipstorm
Ingram,Spatoni,ispatonic7@usgs.gov,Male,49480,Senior Cost Accountant,Research and Development,Jaxbean
