Chance,Camilleri,ccamilleri0@cdc.gov,Male,81339,General Manager,Training,Oozz
Mariana,Dufore,mdufore1@telegraph.co.uk,Female,93377,Business Systems Development Analyst,Marketing,Aivee
Sollie,Niessen,sniessen2@geocities.com,Male,50081,Cost Accountant,Legal,Trudeo
Daloris,Molson,dmolson3@xinhuanet.com,Female,20775,Chemical Engineer,Product Management,Mynte
Guntar,O' Byrne,gobyrne4@bbb.org,Male,8585,Human Resources Assistant I,Marketing,Avavee
Rycca,Garrood,rgarrood5@pcworld.com,Female,100966,Physical Therapy Assistant,Legal,Linkbridge
Clywd,Sparks,csparks6@sciencedaily.com,Male,56599,Legal Assistant,Product Management,Wordpedia
Yolanda,Room,yroom7@addthis.com,Female,103989,Sales Representative,Sales,Lazzy
Selestina,Abby,sabby8@senate.gov,Female,44260,Accounting Assistant III,Product Management,Centizu
Glen,Braznell,gbraznell9@friendfeed.com,Male,91990,VP Product Management,Engineering,Skiptube
Tucker,Larham,tlarhama@apache.org,Male,17533,Occupational Therapist,Support,Youfeed
Tadio,Linfield,tlinfieldb@naver.com,Male,66639,Engineer III,Business Development,Jabberbean
Hedy,Pengelly,hpengellyc@quantcast.com,Female,38468,Systems Administrator II,Support,Babbleopia
Thalia,Donnell,tdonnelld@marriott.com,Female,39503,Director of Sales,Product Management,Thoughtmix
Quill,De Brett,qdebrette@prnewswire.com,Male,46841,Tax Accountant,Marketing,Thoughtbridge
Raul,McCusker,rmccuskerf@indiatimes.com,Male,46777,General Manager,Training,Buzzbean
Francesco,Nottram,fnottramg@woothemes.com,Male,46791,Office Assistant II,Marketing,Twitterworks
Lyndsie,Fox,lfoxh@live.com,Female,71263,Web Developer III,Business Development,Kwinu
Robinette,Fairpool,rfairpooli@go.com,Female,73702,Office Assistant IV,Accounting,DabZ
Mufinella,Ballston,mballstonj@lycos.com,Female,43298,Database Administrator II,Legal,Skinix
Niko,Aldins,naldinsk@ocn.ne.jp,Male,93653,Account Representative II,Sales,Dazzlesphere
Talia,Bascombe,tbascombel@shinystat.com,Female,97728,Nuclear Power Engineer,Research and Development,Wordpedia
Amory,Madden,amaddenm@intel.com,Male,16095,Staff Scientist,Product Management,Meezzy
Shaine,Gaine of England,sgaineofenglandn@1und1.de,Female,104820,Internal Auditor,Research and Development,Skyndu
Pebrook,Weedon,pweedono@devhub.com,Male,19696,Food Chemist,Sales,Yadel
Kissiah,Werlock,kwerlockp@theatlantic.com,Female,10509,Community Outreach Specialist,Marketing,Devpoint
Terence,Fagge,tfaggeq@e-recht24.de,Male,103020,Financial Advisor,Sales,Skiptube
Nicolle,Korous,nkorousr@networkadvertising.org,Female,52984,Nurse Practicioner,Services,Twiyo
Ulla,Langmuir,ulangmuirs@nih.gov,Female,37856,Operator,Legal,Feednation
Ebenezer,Fane,efanet@elegantthemes.com,Male,37866,Quality Control Specialist,Human Resources,Blogpad
Jerome,Dunbobbin,jdunbobbinu@de.vu,Male,65948,Software Test Engineer I,Sales,Rooxo
Ronnica,Derle,rderlev@friendfeed.com,Female,11558,Marketing Manager,Engineering,Dablist
Jerrine,Bulfit,jbulfitw@yahoo.co.jp,Female,87353,VP Sales,Legal,Fanoodle
Pearla,Grigolashvill,pgrigolashvillx@nature.com,Female,49626,Food Chemist,Business Development,Livepath
Constance,Baglow,cbaglowy@i2i.jp,Female,72263,Paralegal,Research and Development,Trudoo
Lucine,Netherwood,lnetherwoodz@un.org,Female,58028,Human Resources Assistant II,Research and Development,Aibox
Dougie,Jayne,djayne10@mashable.com,Male,72420,Nurse,Services,Voonder
Clerkclaude,Alvarez,calvarez11@prweb.com,Male,77236,Compensation Analyst,Training,Devpoint
Anton,Purseglove,apurseglove12@privacy.gov.au,Male,24669,Occupational Therapist,Support,Thoughtbeat
Garrett,Silber,gsilber13@desdev.cn,Male,37126,Registered Nurse,Marketing,Voonder
Thedrick,Pinnigar,tpinnigar14@blogger.com,Male,60415,Electrical Engineer,Engineering,Wikizz
Gracia,O'Grogane,gogrogane15@wufoo.com,Female,93781,Director of Sales,Accounting,Buzzbean
Orelie,Rymell,orymell16@zimbio.com,Female,90998,Geologist II,Training,Skinte
Brice,Hurnell,bhurnell17@ameblo.jp,Male,103008,Geological Engineer,Accounting,Voonix
Uri,Luis,uluis18@about.com,Male,107489,Nurse,Legal,Kazu
Gay,Belk,gbelk19@google.com.au,Male,93116,Engineer IV,Research and Development,Jaloo
Jenni,Freddi,jfreddi1a@histats.com,Female,29848,Clinical Specialist,Accounting,Vitz
Papageno,Clague,pclague1b@blogspot.com,Male,90749,VP Sales,Human Resources,Camimbo
Horacio,Breston,hbreston1c@hao123.com,Male,40997,Assistant Media Planner,Legal,Quatz
Nester,Peres,nperes1d@vkontakte.ru,Male,52577,Registered Nurse,Engineering,BlogXS
Mord,Pervoe,mpervoe1e@themeforest.net,Male,77253,Financial Analyst,Sales,Tagcat
Beilul,Rosario,brosario1f@blog.com,Female,38986,Junior Executive,Product Management,Skippad
Delilah,Bradmore,dbradmore1g@sun.com,Female,100007,Help Desk Technician,Services,Kwinu
Nealy,Haversum,nhaversum1h@reverbnation.com,Male,37153,Speech Pathologist,Accounting,Mycat
Lynnette,Olenchikov,lolenchikov1i@wunderground.com,Female,58590,Web Designer III,Marketing,Oyoloo
Haily,De Beauchamp,hdebeauchamp1j@who.int,Male,17099,Account Coordinator,Engineering,Flashdog
Izaak,Camellini,icamellini1k@surveymonkey.com,Male,56559,Software Consultant,Research and Development,Zoombox
Otho,Farquhar,ofarquhar1l@wired.com,Male,26378,Environmental Specialist,Legal,Skynoodle
Gasparo,Karpmann,gkarpmann1m@wisc.edu,Male,51720,Health Coach II,Legal,Topicware
Mortimer,Boone,mboone1n@canalblog.com,Male,55967,Analog Circuit Design manager,Human Resources,Shuffledrive
Cecilio,Frede,cfrede1o@dailymotion.com,Male,18994,Technical Writer,Accounting,Flipbug
Neall,Castel,ncastel1p@archive.org,Male,64303,Accountant IV,Legal,Rhynoodle
Derwin,Roscher,droscher1q@t-online.de,Male,14254,Clinical Specialist,Product Management,Skilith
Alfonse,Unitt,aunitt1r@imdb.com,Male,101176,Financial Advisor,Business Development,Browsedrive
Emlyn,Epperson,eepperson1s@businesswire.com,Male,104468,Physical Therapy Assistant,Support,Vinder
Valentin,Tarbatt,vtarbatt1t@1688.com,Male,8639,Account Coordinator,Product Management,Fadeo
Sinclair,Grise,sgrise1u@noaa.gov,Male,47084,Sales Representative,Research and Development,Blogtag
Blancha,Kibbey,bkibbey1v@odnoklassniki.ru,Female,66233,VP Quality Control,Sales,Kamba
Florencia,Satterfitt,fsatterfitt1w@cloudflare.com,Female,73633,Cost Accountant,Training,Linkbridge
Raffaello,Scamerdine,rscamerdine1x@domainmarket.com,Male,83799,Quality Control Specialist,Services,Thoughtstorm
Henry,Blucher,hblucher1y@businessinsider.com,Male,62790,Desktop Support Technician,Support,Topdrive
Bernard,Flement,bflement1z@va.gov,Male,39654,Junior Executive,Support,Photospace
Tully,Lamkin,tlamkin20@parallels.com,Male,32436,Developer IV,Training,Ainyx
Ralf,Rusk,rrusk21@mit.edu,Male,28774,Analog Circuit Design manager,Services,Trudeo
Gus,Moncarr,gmoncarr22@bandcamp.com,Female,66214,Electrical Engineer,Accounting,Flipopia
Stephine,Althorp,salthorp23@dyndns.org,Female,47588,Technical Writer,Research and Development,Skynoodle
Sutherland,McManamon,smcmanamon24@icio.us,Male,24888,Information Systems Manager,Sales,Meemm
Percival,Bowen,pbowen25@dion.ne.jp,Male,63660,Geological Engineer,Marketing,Camimbo
Anastassia,Alfonsetti,aalfonsetti26@mtv.com,Female,11040,Pharmacist,Marketing,Quamba
Phil,Buxy,pbuxy27@uiuc.edu,Female,106759,VP Sales,Business Development,Thoughtbeat
Myrwyn,Fabb,mfabb28@w3.org,Male,26870,Senior Sales Associate,Legal,Jazzy
Sandor,Summersby,ssummersby29@vistaprint.com,Male,43443,Product Engineer,Support,Livepath
Sherm,Davsley,sdavsley2a@merriam-webster.com,Male,101243,Administrative Officer,Accounting,Brainlounge
Pierrette,Carrington,pcarrington2b@chicagotribune.com,Female,75872,GIS Technical Architect,Legal,Vitz
Anallese,Cuchey,acuchey2c@usnews.com,Female,8640,Paralegal,Legal,Jayo
Christian,Holby,cholby2d@barnesandnoble.com,Female,43518,Sales Associate,Product Management,Jabberstorm
Victoir,Polo,vpolo2e@apple.com,Male,13426,Web Developer II,Accounting,Pixoboo
Merill,Ibbs,mibbs2f@mysql.com,Male,42715,Web Designer IV,Training,Shuffletag
Berta,Casement,bcasement2g@telegraph.co.uk,Female,75484,Human Resources Assistant IV,Research and Development,Twimbo
Ariana,Goldis,agoldis2h@howstuffworks.com,Female,88280,Senior Developer,Research and Development,Quimm
Jock,Steeples,jsteeples2i@unc.edu,Male,71333,Developer III,Business Development,Flipstorm
Addison,Acors,aacors2j@photobucket.com,Male,36565,Tax Accountant,Human Resources,Brainbox
Orson,Dytham,odytham2k@joomla.org,Male,84279,Director of Sales,Research and Development,Vinder
Mill,Dallaghan,mdallaghan2l@paginegialle.it,Male,103916,Environmental Specialist,Support,Demivee
Verla,Beat,vbeat2m@drupal.org,Female,39062,Analog Circuit Design manager,Business Development,Trudeo
Alva,Ablett,aablett2n@fema.gov,Male,82273,Research Nurse,Services,Meetz
Shanna,Slowley,sslowley2o@studiopress.com,Female,71731,Project Manager,Training,Thoughtbeat
Donal,Grayley,dgrayley2p@wikimedia.org,Male,84794,Recruiting Manager,Support,Meemm
Consuelo,Shrubb,cshrubb2q@ucoz.ru,Female,40856,Dental Hygienist,Sales,Edgetag
Demetria,Norsworthy,dnorsworthy2r@geocities.com,Female,89283,Physical Therapy Assistant,Business Development,Tagpad
Hayden,Verralls,hverralls2s@google.com.hk,Male,15059,Senior Financial Analyst,Training,Zava
Thorvald,Lorant,tlorant2t@cnet.com,Male,36797,Systems Administrator III,Support,Agimba
Ambrose,Matovic,amatovic2u@salon.com,Male,40719,Data Coordiator,Accounting,Dabshots
Dominica,Stapley,dstapley2v@i2i.jp,Female,91984,Dental Hygienist,Support,Wordtune
Geoff,Blades,gblades2w@shop-pro.jp,Male,49506,Senior Financial Analyst,Legal,Twinte
Sergei,Deesly,sdeesly2x@exblog.jp,Male,68219,Technical Writer,Human Resources,Mydo
Nat,Vass,nvass2y@stanford.edu,Male,83917,Research Associate,Human Resources,Buzzdog
Horton,Lagne,hlagne2z@themeforest.net,Male,105719,Assistant Professor,Product Management,Oyope
Jerrilee,Veelers,jveelers30@networkadvertising.org,Female,90059,Civil Engineer,Product Management,Myworks
Junia,Buxsey,jbuxsey31@rambler.ru,Female,18898,Software Consultant,Product Management,Agimba
Gare,Lavis,glavis32@gov.uk,Male,13592,Accountant I,Sales,Ozu
Consuela,Van der Beken,cvanderbeken33@ebay.co.uk,Female,37915,Assistant Media Planner,Product Management,Topicblab
Alie,Tonkinson,atonkinson34@ezinearticles.com,Female,93309,Project Manager,Accounting,Jabbertype
Berry,Roggero,broggero35@newsvine.com,Female,23546,Research Nurse,Marketing,Skyndu
Vanna,Duigenan,vduigenan36@yellowbook.com,Female,52580,Assistant Professor,Services,Cogilith
Denney,Roydon,droydon37@mediafire.com,Male,32050,General Manager,Accounting,Centimia
Eloise,Dumper,edumper38@epa.gov,Female,89355,Design Engineer,Sales,Leexo
Jourdan,Feldon,jfeldon39@psu.edu,Female,58441,Environmental Tech,Legal,Eamia
Vittoria,Bruckner,vbruckner3a@wufoo.com,Female,11949,Social Worker,Product Management,Leenti
Barr,Benko,bbenko3b@cargocollective.com,Male,88204,Computer Systems Analyst IV,Business Development,Zazio
Danie,Prozescky,dprozescky3c@jimdo.com,Male,65296,Project Manager,Marketing,Camimbo
Jacquenetta,Batrick,jbatrick3d@ibm.com,Female,97403,Data Coordiator,Marketing,Divape
Moise,Kinastan,mkinastan3e@cdbaby.com,Male,16341,Sales Associate,Accounting,Cogibox
Donna,Ternouth,dternouth3f@nba.com,Female,9446,Associate Professor,Training,Wikizz
Rurik,Lahy,rlahy3g@amazon.de,Male,34943,Engineer I,Marketing,Skipstorm
Marge,Sudddard,msudddard3h@omniture.com,Female,100958,General Manager,Support,Topiclounge
Adriano,Southers,asouthers3i@businesswire.com,Male,16666,Nurse,Human Resources,Agimba
Gradeigh,Castelli,gcastelli3j@ustream.tv,Male,58853,Assistant Manager,Marketing,Tambee
Rafferty,Twaite,rtwaite3k@google.com.br,Male,103506,Nurse,Human Resources,Quimba
Marieann,Jennaway,mjennaway3l@si.edu,Female,74516,Associate Professor,Human Resources,Voolith
Torrey,Burberye,tburberye3m@people.com.cn,Male,51844,Electrical Engineer,Services,Skidoo
Danyette,Doneld,ddoneld3n@zdnet.com,Female,53539,Cost Accountant,Support,Jazzy
Lurette,Pelman,lpelman3o@abc.net.au,Female,91629,Senior Developer,Engineering,Midel
Nil,Taffurelli,ntaffurelli3p@intel.com,Male,48037,Accountant III,Business Development,Skajo
Enrika,Ruffles,eruffles3q@imdb.com,Female,21952,Accounting Assistant I,Human Resources,Ozu
Evey,Freyne,efreyne3r@timesonline.co.uk,Female,33247,Actuary,Research and Development,Yacero
Gracie,Ledbetter,gledbetter3s@hao123.com,Female,93473,VP Quality Control,Sales,Topiczoom
Buffy,Albon,balbon3t@cnet.com,Female,44537,Operator,Product Management,Lajo
Ardeen,Blomefield,ablomefield3u@homestead.com,Female,26885,Food Chemist,Training,Meemm
Enrico,Matussow,ematussow3v@sbwire.com,Male,94851,Safety Technician IV,Accounting,Fatz
Terry,Littlekit,tlittlekit3w@nifty.com,Female,21587,Project Manager,Business Development,Devshare
Bale,Flacke,bflacke3x@ning.com,Male,69886,Analyst Programmer,Human Resources,Youtags
Lianna,Pavlishchev,lpavlishchev3y@squidoo.com,Female,80531,Recruiter,Marketing,Einti
Gerrard,Hlavecek,ghlavecek3z@blogtalkradio.com,Male,41107,Operator,Support,Devpulse
Sauveur,Freathy,sfreathy40@oracle.com,Male,48778,Pharmacist,Business Development,Trilia
Cello,Rollason,crollason41@stumbleupon.com,Male,33282,Dental Hygienist,Support,Shufflebeat
Serene,Bauer,sbauer42@stumbleupon.com,Female,55160,Editor,Services,Skyndu
Ellerey,Sommerled,esommerled43@canalblog.com,Male,9025,GIS Technical Architect,Training,Babbleopia
Giulietta,Izkovicz,gizkovicz44@unblog.fr,Female,10639,VP Accounting,Sales,Rhyzio
Pierce,Laxen,plaxen45@typepad.com,Male,98964,Research Associate,Sales,Brainbox
Brandais,Suarez,bsuarez46@marketwatch.com,Female,87913,Business Systems Development Analyst,Business Development,Oyoyo
Florian,Freshwater,ffreshwater47@harvard.edu,Male,101101,Programmer Analyst IV,Sales,Trunyx
Lauryn,Darbon,ldarbon48@noaa.gov,Female,32073,Occupational Therapist,Product Management,Jabberbean
Letti,Tarquini,ltarquini49@mayoclinic.com,Female,13550,Design Engineer,Engineering,Tagcat
Skell,Godwyn,sgodwyn4a@purevolume.com,Male,89911,VP Quality Control,Business Development,Edgeblab
Bevon,Drinkhill,bdrinkhill4b@posterous.com,Male,78218,Statistician II,Research and Development,Skippad
Collete,Jira,cjira4c@army.mil,Female,64459,Desktop Support Technician,Legal,Thoughtstorm
Tallie,Stanbridge,tstanbridge4d@tiny.cc,Female,86137,Administrative Officer,Product Management,Kare
Kort,Adamovicz,kadamovicz4e@wikimedia.org,Male,87913,VP Marketing,Business Development,Ainyx
Moises,Crumley,mcrumley4f@cisco.com,Male,50763,Chief Design Engineer,Services,Gigaclub
Millicent,Zmitrichenko,mzmitrichenko4g@irs.gov,Female,24164,Cost Accountant,Product Management,Kwimbee
Pammy,Lantuffe,plantuffe4h@barnesandnoble.com,Female,72469,Web Developer III,Legal,Realbuzz
Cass,Pote,cpote4i@ifeng.com,Male,80815,Quality Control Specialist,Support,Quaxo
Tomlin,Ballantine,tballantine4j@marketwatch.com,Male,46098,Account Representative IV,Legal,Chatterbridge
Omero,Breacher,obreacher4k@craigslist.org,Male,48177,Payment Adjustment Coordinator,Support,Quinu
Ebenezer,De Meis,edemeis4l@ifeng.com,Male,90858,Analyst Programmer,Legal,Voonte
Emmett,Kelleway,ekelleway4m@ftc.gov,Male,14175,Senior Quality Engineer,Marketing,Skimia
Addie,Vaughn,avaughn4n@wunderground.com,Male,27916,Programmer III,Training,Kazio
Marthe,Hinsche,mhinsche4o@apache.org,Female,54365,Recruiter,Legal,Flashdog
Katherine,Ballantine,kballantine4p@goo.ne.jp,Female,68721,Senior Developer,Accounting,Minyx
Martguerita,Broadhurst,mbroadhurst4q@bbc.co.uk,Female,68696,Project Manager,Training,Reallinks
Berti,Marunchak,bmarunchak4r@wiley.com,Male,57266,Accountant IV,Engineering,Voolith
Ximenez,Cantera,xcantera4s@elegantthemes.com,Male,15537,Financial Advisor,Marketing,Yacero
Sibley,Burcher,sburcher4t@tamu.edu,Female,53282,Community Outreach Specialist,Human Resources,Thoughtmix
Letisha,Mussared,lmussared4u@youtube.com,Female,53845,Programmer Analyst I,Sales,Mynte
Mylo,Anstis,manstis4v@gizmodo.com,Male,43779,Engineer I,Business Development,Dynazzy
Mozelle,Skirling,mskirling4w@chicagotribune.com,Female,74537,Systems Administrator IV,Accounting,Lazzy
Worthy,Abadam,wabadam4x@free.fr,Male,59518,Analog Circuit Design manager,Sales,Topicblab
Devonna,Woliter,dwoliter4y@illinois.edu,Female,32738,Recruiter,Human Resources,Babbleopia
Devondra,Flaherty,dflaherty4z@ebay.co.uk,Female,38060,Tax Accountant,Business Development,Feedfire
Garreth,Abrahm,gabrahm50@wix.com,Male,95673,Marketing Manager,Business Development,Blogtag
Valery,Danielovitch,vdanielovitch51@google.com,Female,43601,Assistant Professor,Business Development,Abatz
Winny,Hensmans,whensmans52@51.la,Female,67296,Quality Control Specialist,Support,Innojam
Kaitlin,Pariso,kpariso53@reddit.com,Female,30332,Senior Editor,Accounting,Browsecat
Lexine,Charman,lcharman54@buzzfeed.com,Female,107395,Human Resources Manager,Research and Development,Yabox
Oliver,Woodvine,owoodvine55@nymag.com,Male,100417,Internal Auditor,Legal,Twinte
Dolley,Chicco,dchicco56@sohu.com,Female,13478,Human Resources Manager,Training,Zooveo
Bunny,Vicent,bvicent57@usa.gov,Female,38283,Project Manager,Training,Vidoo
Nahum,Silwood,nsilwood58@census.gov,Male,104807,Nuclear Power Engineer,Sales,Flashdog
Nicolas,Longhi,nlonghi59@joomla.org,Male,55635,VP Product Management,Product Management,Einti
Vladimir,Witul,vwitul5a@sciencedirect.com,Male,106141,Statistician I,Accounting,Avavee
Sallyanne,Wrates,swrates5b@eepurl.com,Female,45001,Associate Professor,Services,Gabspot
Leeland,Panting,lpanting5c@usnews.com,Male,87121,Administrative Officer,Sales,Riffwire
Annice,Ciobotaro,aciobotaro5d@dot.gov,Female,44491,Senior Sales Associate,Support,Plambee
Ashbey,Spencelayh,aspencelayh5e@gov.uk,Male,40817,Senior Financial Analyst,Sales,Browsetype
Kingsly,Ovill,kovill5f@t-online.de,Male,11053,Geological Engineer,Sales,Eire
Nicolea,Panswick,npanswick5g@tinypic.com,Female,107391,Social Worker,Marketing,Flashset
Hebert,Odgers,hodgers5h@globo.com,Male,95441,Pharmacist,Research and Development,Twitterworks
Guillermo,Brisley,gbrisley5i@mozilla.com,Male,21954,Research Associate,Marketing,Dabshots
Jarrid,Bacup,jbacup5j@skype.com,Male,57653,Staff Accountant II,Research and Development,Podcat
Harriot,Kingescot,hkingescot5k@vistaprint.com,Female,44200,Technical Writer,Human Resources,Realbuzz
Leann,Sadd,lsadd5l@nba.com,Female,94045,Senior Editor,Business Development,Zooxo
Laughton,Doul,ldoul5m@gnu.org,Male,46073,Internal Auditor,Marketing,Photojam
Kahlil,Casper,kcasper5n@reverbnation.com,Male,70106,Assistant Professor,Engineering,Oyoloo
Berke,Dunbleton,bdunbleton5o@prnewswire.com,Male,25817,Business Systems Development Analyst,Accounting,Yoveo
Jasper,Baukham,jbaukham5p@stumbleupon.com,Male,11191,VP Accounting,Accounting,Topdrive
Loutitia,Icom,licom5q@tripadvisor.com,Female,15782,Graphic Designer,Accounting,Cogidoo
Tadio,Hattigan,thattigan5r@edublogs.org,Male,102052,Media Manager III,Product Management,Meembee
Niles,Haythornthwaite,nhaythornthwaite5s@tmall.com,Male,76909,Dental Hygienist,Product Management,Leexo
Gert,Moncur,gmoncur5t@bbb.org,Female,25068,Systems Administrator IV,Accounting,Gevee
Justen,Hains,jhains5u@howstuffworks.com,Male,61637,Business Systems Development Analyst,Sales,Jayo
Kin,Lofts,klofts5v@tamu.edu,Male,55821,General Manager,Legal,Leexo
Andre,Pentycost,apentycost5w@yelp.com,Male,71904,Human Resources Assistant III,Legal,Cogilith
Vincent,Gurry,vgurry5x@people.com.cn,Male,17264,Cost Accountant,Services,Feedfish
Dean,Kellet,dkellet5y@chronoengine.com,Male,37033,Structural Analysis Engineer,Accounting,Abatz
Crawford,Figge,cfigge5z@cam.ac.uk,Male,96824,Research Assistant III,Research and Development,Wikido
Neron,Dury,ndury60@timesonline.co.uk,Male,50263,Administrative Officer,Marketing,Devify
Hally,Kilkenny,hkilkenny61@weibo.com,Female,79210,Environmental Specialist,Services,Wordware
Gavan,Edgson,gedgson62@com.com,Male,107259,Programmer Analyst II,Engineering,Twitterworks
Sholom,Tiffney,stiffney63@google.pl,Male,89506,Operator,Product Management,Abatz
Aprilette,Lenthall,alenthall64@angelfire.com,Female,59810,Research Nurse,Sales,Skynoodle
Kit,Sealeaf,ksealeaf65@flavors.me,Male,33262,Software Engineer IV,Support,Livepath
Eduino,MacNelly,emacnelly66@amazon.co.uk,Male,96145,Information Systems Manager,Training,Pixope
Faun,Rielly,frielly67@reverbnation.com,Female,87543,Teacher,Research and Development,Voomm
Pryce,Beckitt,pbeckitt68@chronoengine.com,Male,88219,Paralegal,Accounting,Meetz
Alfy,Kydd,akydd69@examiner.com,Male,43871,Structural Analysis Engineer,Human Resources,Buzzdog
Kristo,Garric,kgarric6a@wiley.com,Male,13125,Web Designer IV,Legal,Gabtune
Kenneth,Drabble,kdrabble6b@moonfruit.com,Male,95860,Paralegal,Training,Feedfish
Laurena,Sharville,lsharville6c@multiply.com,Female,72797,Social Worker,Sales,Quinu
Baird,Allmond,ballmond6d@technorati.com,Male,71245,Social Worker,Support,Gigaclub
Kinnie,Endricci,kendricci6e@xing.com,Male,56887,Technical Writer,Legal,Babblestorm
Florida,Gladman,fgladman6f@squarespace.com,Female,87144,Account Coordinator,Training,Tagfeed
Towny,Gullberg,tgullberg6g@harvard.edu,Male,66377,Assistant Professor,Accounting,Oyope
Dehlia,Kerfut,dkerfut6h@xrea.com,Female,95170,Structural Analysis Engineer,Accounting,Gevee
Emmie,Mabee,emabee6i@list-manage.com,Female,27754,GIS Technical Architect,Human Resources,Zooveo
Giustina,Greenhall,ggreenhall6j@hhs.gov,Female,102542,Teacher,Sales,Trudeo
Moore,Whyberd,mwhyberd6k@noaa.gov,Male,90989,Web Designer IV,Support,Wikivu
Elie,Hanby,ehanby6l@blogger.com,Female,101520,Nuclear Power Engineer,Research and Development,Voonte
Homerus,Bicker,hbicker6m@cbc.ca,Male,33623,Senior Sales Associate,Marketing,Feednation
Willey,Warfield,wwarfield6n@rambler.ru,Male,95478,Civil Engineer,Support,Brightbean
Carlota,Melloi,cmelloi6o@last.fm,Female,67794,Director of Sales,Support,Flashspan
Janine,Obin,jobin6p@oakley.com,Female,37780,Engineer III,Services,Meezzy
Babbette,Brahmer,bbrahmer6q@yahoo.co.jp,Female,15603,Account Representative II,Marketing,Twitterworks
Geri,Ilymanov,gilymanov6r@google.nl,Female,60370,Financial Analyst,Human Resources,Zava
Fleurette,Dainter,fdainter6s@1und1.de,Female,15917,Health Coach III,Human Resources,Oba
Priscilla,Prendiville,pprendiville6t@exblog.jp,Female,60572,Assistant Manager,Human Resources,Skipfire
Elly,Lowen,elowen6u@adobe.com,Female,104127,Systems Administrator I,Human Resources,Jabberstorm
Shannah,Szach,sszach6v@xing.com,Female,43174,Account Representative III,Services,Kwimbee
Constantino,Boutellier,cboutellier6w@techcrunch.com,Male,73732,Senior Financial Analyst,Legal,Kwilith
Bertram,Clemes,bclemes6x@epa.gov,Male,76236,Environmental Specialist,Services,Oyoyo
Alleen,Northgraves,anorthgraves6y@craigslist.org,Female,14216,Speech Pathologist,Business Development,Skivee
Frederico,Pawlowicz,fpawlowicz6z@posterous.com,Male,13958,Systems Administrator IV,Business Development,Oozz
Tedda,Langstone,tlangstone70@google.de,Female,35847,Technical Writer,Engineering,Realfire
Susanetta,Redholes,sredholes71@jimdo.com,Female,76311,Technical Writer,Training,Skilith
Amitie,Houseley,ahouseley72@digg.com,Female,29919,Senior Sales Associate,Engineering,Eire
Lek,McKeighan,lmckeighan73@admin.ch,Male,100366,VP Accounting,Human Resources,Kwideo
Jarad,Allston,jallston74@instagram.com,Male,38842,Nurse,Accounting,Trupe
Inglebert,Hayth,ihayth75@gnu.org,Male,71466,Desktop Support Technician,Research and Development,Reallinks
Dare,Blakey,dblakey76@ox.ac.uk,Male,83611,Design Engineer,Support,Rhynyx
Blondell,Baraclough,bbaraclough77@omniture.com,Female,73815,Clinical Specialist,Legal,Quinu
Hamish,Sawter,hsawter78@umn.edu,Male,33462,Occupational Therapist,Business Development,Shuffledrive
Hashim,Burston,hburston79@stanford.edu,Male,59122,Registered Nurse,Engineering,Linkbridge
Lolly,Swyn,lswyn7a@amazon.co.uk,Female,59359,Research Assistant I,Human Resources,Twitterbeat
Cort,Yarnley,cyarnley7b@sohu.com,Male,36869,Senior Quality Engineer,Services,Cogibox
Boigie,Norsworthy,bnorsworthy7c@archive.org,Male,31135,Database Administrator III,Human Resources,Twitterbridge
Kary,Gomby,kgomby7d@squidoo.com,Female,32873,Account Executive,Marketing,Fivespan
Goddart,Sizzey,gsizzey7e@etsy.com,Male,80592,Data Coordiator,Product Management,Yodo
Mateo,Raftery,mraftery7f@ameblo.jp,Male,16536,Senior Financial Analyst,Sales,Aibox
Fleur,Fancourt,ffancourt7g@arizona.edu,Female,54056,Senior Sales Associate,Human Resources,Gabcube
Myer,Chooter,mchooter7h@com.com,Male,55962,Account Representative I,Business Development,Vidoo
Corissa,Rosenbusch,crosenbusch7i@google.pl,Female,86791,Occupational Therapist,Product Management,Chatterbridge
Cosette,Zettoi,czettoi7j@pinterest.com,Female,106894,Senior Editor,Training,Centimia
Melisandra,Friedlos,mfriedlos7k@mail.ru,Female,45773,Environmental Tech,Business Development,Jaloo
Jerrylee,Spellard,jspellard7l@opensource.org,Female,102310,VP Accounting,Legal,Photobug
Kienan,Slimme,kslimme7m@time.com,Male,102828,Quality Engineer,Product Management,Zoombeat
Carolyne,Scobbie,cscobbie7n@ucoz.com,Female,46458,General Manager,Research and Development,Devify
Melinda,Quinevan,mquinevan7o@cam.ac.uk,Female,99060,Human Resources Manager,Accounting,Voonte
Jerrie,Turrell,jturrell7p@hc360.com,Male,18745,Registered Nurse,Human Resources,Midel
Erich,Caldayrou,ecaldayrou7q@amazon.com,Male,98584,Safety Technician I,Product Management,Quatz
Jacquelyn,Lush,jlush7r@t.co,Female,73902,Biostatistician III,Accounting,Jaloo
Kendricks,Stoodale,kstoodale7s@sciencedirect.com,Male,9453,Analog Circuit Design manager,Engineering,Fivebridge
Sholom,Kuhndel,skuhndel7t@altervista.org,Male,41277,Computer Systems Analyst II,Legal,Babbleopia
Krishnah,McKeaveney,kmckeaveney7u@google.com,Male,39607,Engineer I,Support,Chatterbridge
Davy,Stairs,dstairs7v@webnode.com,Male,101153,Nurse,Legal,Divanoodle
Lanni,Dillet,ldillet7w@accuweather.com,Female,98768,Assistant Media Planner,Business Development,Zoonoodle
Robinet,Dawtry,rdawtry7x@fotki.com,Female,63335,Cost Accountant,Business Development,Edgewire
Neron,Molian,nmolian7y@rediff.com,Male,63659,Analog Circuit Design manager,Accounting,Vipe
Ronna,Garioch,rgarioch7z@free.fr,Female,45349,Chief Design Engineer,Research and Development,Kayveo
Zilvia,Palluschek,zpalluschek80@csmonitor.com,Female,51670,Safety Technician II,Business Development,Viva
Kalinda,Chellingworth,kchellingworth81@issuu.com,Female,13084,Safety Technician IV,Support,Centizu
Toddie,Mendel,tmendel82@phoca.cz,Male,79450,Food Chemist,Accounting,Trilith
Ajay,De Fraine,adefraine83@umn.edu,Female,82373,Account Executive,Training,Devbug
Star,Mitkcov,smitkcov84@auda.org.au,Female,28716,Social Worker,Accounting,Yata
Hillie,Sillitoe,hsillitoe85@irs.gov,Male,81265,Nurse,Training,Bubblebox
Michale,Gurley,mgurley86@google.com.hk,Male,39633,Civil Engineer,Training,Topicware
Ediva,Philpots,ephilpots87@csmonitor.com,Female,56620,Environmental Specialist,Engineering,Devbug
Kerby,Cumberpatch,kcumberpatch88@sakura.ne.jp,Male,50343,Senior Editor,Engineering,Gigazoom
Celinda,Slateford,cslateford89@hubpages.com,Female,94731,Software Test Engineer I,Human Resources,Gabvine
Rozina,Woodbridge,rwoodbridge8a@zimbio.com,Female,44431,Research Associate,Training,Blogtag
Westbrooke,Rivelon,wrivelon8b@squidoo.com,Male,89703,General Manager,Support,Feedmix
Jervis,Pottinger,jpottinger8c@washingtonpost.com,Male,65817,Graphic Designer,Business Development,Jetpulse
Cynthia,Wohler,cwohler8d@example.com,Female,41678,Civil Engineer,Services,Dynabox
Osgood,Milbourne,omilbourne8e@ehow.com,Male,35240,Research Assistant II,Engineering,Dynazzy
Darsie,Rizzi,drizzi8f@desdev.cn,Female,56158,Media Manager III,Services,Voonyx
Rolf,Wemm,rwemm8g@e-recht24.de,Male,77747,Automation Specialist I,Human Resources,Tazzy
Stearne,Groucutt,sgroucutt8h@salon.com,Male,62505,Computer Systems Analyst III,Support,Yoveo
Bren,Pettiford,bpettiford8i@ucsd.edu,Male,68132,Design Engineer,Legal,Jazzy
Ophelie,Cowper,ocowper8j@godaddy.com,Female,79070,Information Systems Manager,Accounting,Oozz
Joell,Campana,jcampana8k@ucsd.edu,Female,78537,Quality Engineer,Legal,Vipe
Iorgos,Salasar,isalasar8l@army.mil,Male,20305,Nurse Practicioner,Product Management,Kazu
Normy,Lammie,nlammie8m@ask.com,Male,70758,Administrative Assistant II,Marketing,Wordify
Margot,Vaun,mvaun8n@ovh.net,Female,80006,Web Developer II,Sales,Yozio
Jeannette,Jolly,jjolly8o@forbes.com,Female,70349,Human Resources Assistant I,Engineering,Browsezoom
Isidore,Chidgey,ichidgey8p@disqus.com,Male,89063,Sales Representative,Human Resources,Centidel
Laurens,Humphrys,lhumphrys8q@telegraph.co.uk,Male,106970,Senior Quality Engineer,Marketing,Rhynoodle
Field,Gross,fgross8r@dmoz.org,Male,49665,Desktop Support Technician,Marketing,Skyvu
Zelig,Fleury,zfleury8s@networkadvertising.org,Male,99427,Software Test Engineer III,Marketing,Ntag
Florian,Shipway,fshipway8t@t-online.de,Male,24240,Assistant Media Planner,Marketing,Rhyloo
Jennine,Weall,jweall8u@reddit.com,Female,98130,GIS Technical Architect,Training,Realblab
Pearce,Soares,psoares8v@prweb.com,Male,81429,Software Test Engineer II,Sales,Aimbo
Fletch,Gibling,fgibling8w@addthis.com,Male,17828,Budget/Accounting Analyst IV,Training,Avamm
El,Seabrook,eseabrook8x@seesaa.net,Male,33642,Help Desk Operator,Engineering,Abatz
Vivianne,Andreoletti,vandreoletti8y@tinyurl.com,Female,77660,Automation Specialist IV,Training,Quatz
Linoel,Arthan,larthan8z@icq.com,Male,107606,Media Manager IV,Human Resources,Skyvu
Case,Bidgod,cbidgod90@webmd.com,Male,45848,Chief Design Engineer,Research and Development,Oba
Paxon,Thomel,pthomel91@yellowbook.com,Male,29070,Financial Analyst,Services,Fiveclub
Jarrid,Abramamovh,jabramamovh92@topsy.com,Male,20816,Senior Editor,Legal,Jaxnation
Roda,Creyke,rcreyke93@ovh.net,Female,103716,Sales Associate,Business Development,Skynoodle
Robinette,Wesker,rwesker94@bloomberg.com,Female,68847,Statistician III,Marketing,DabZ
Liuka,Chomley,lchomley95@sakura.ne.jp,Female,91002,Editor,Marketing,Snaptags
Elbertina,Banaszkiewicz,ebanaszkiewicz96@google.fr,Female,66606,Help Desk Technician,Sales,Ailane
Happy,Luchelli,hluchelli97@etsy.com,Female,92246,Media Manager II,Research and Development,Vipe
Eleanora,Melby,emelby98@sfgate.com,Female,56142,Senior Developer,Accounting,Skippad
Kingsly,Dandy,kdandy99@gizmodo.com,Male,94471,Internal Auditor,Sales,Buzzbean
Bobbee,Josefovic,bjosefovic9a@cloudflare.com,Female,65333,Editor,Services,Gigabox
Alfons,Terrey,aterrey9b@flickr.com,Male,67453,Analyst Programmer,Services,Yata
Davon,Joseff,djoseff9c@miitbeian.gov.cn,Male,93653,Chemical Engineer,Sales,Roodel
Latisha,Metheringham,lmetheringham9d@ifeng.com,Female,19681,Research Associate,Engineering,Oba
Morena,Josskovitz,mjosskovitz9e@mozilla.com,Female,11135,Occupational Therapist,Human Resources,Brightbean
Mireille,Neeson,mneeson9f@blogger.com,Female,101610,Administrative Assistant III,Marketing,Oozz
Ewell,Prewer,eprewer9g@prweb.com,Male,45773,Project Manager,Legal,Jabbersphere
Noll,Kienl,nkienl9h@people.com.cn,Male,70699,VP Accounting,Engineering,Yacero
Sophia,Haversum,shaversum9i@cargocollective.com,Female,92621,Assistant Professor,Legal,Gevee
Katine,Robotham,krobotham9j@last.fm,Female,12623,Account Coordinator,Sales,BlogXS
Dale,Dukesbury,ddukesbury9k@eepurl.com,Female,50519,Geologist III,Services,Mita
Rozalin,Ballston,rballston9l@desdev.cn,Female,46038,Analyst Programmer,Human Resources,Viva
Adrea,Sallnow,asallnow9m@tripadvisor.com,Female,18086,Analog Circuit Design manager,Services,Thoughtworks
Padraic,Wilsey,pwilsey9n@cafepress.com,Male,95433,Analyst Programmer,Engineering,Feedbug
Margy,Deshorts,mdeshorts9o@dropbox.com,Female,45486,Social Worker,Accounting,Blogtags
Trisha,Bartocci,tbartocci9p@census.gov,Female,78302,General Manager,Legal,Demivee
Ambrose,Syred,asyred9q@oakley.com,Male,83976,Analog Circuit Design manager,Marketing,Mycat
Karlotte,Duiguid,kduiguid9r@unc.edu,Female,63839,Structural Engineer,Human Resources,Ntag
Sibbie,Reimer,sreimer9s@usnews.com,Female,39507,Software Engineer IV,Product Management,Aivee
Elsworth,Orhtmann,eorhtmann9t@google.com.au,Male,44748,Nurse Practicioner,Services,Rooxo
Dorian,Lyddy,dlyddy9u@imgur.com,Male,87071,Senior Quality Engineer,Human Resources,Riffpath
Keen,Renon,krenon9v@theatlantic.com,Male,42936,Tax Accountant,Engineering,Zoomcast
Putnam,Allard,pallard9w@bloglines.com,Male,106682,General Manager,Legal,Mybuzz
Moreen,Teager,mteager9x@statcounter.com,Female,41938,Web Designer III,Sales,Photofeed
Blanche,Rosenzwig,brosenzwig9y@trellian.com,Female,40466,Nurse,Human Resources,Yakitri
Kevyn,Girardez,kgirardez9z@omniture.com,Female,90822,Senior Developer,Legal,Linkbridge
Teirtza,Drogan,tdrogana0@sciencedaily.com,Female,55365,Mechanical Systems Engineer,Research and Development,Voomm
Bondy,Dyton,bdytona1@opensource.org,Male,91975,Statistician I,Product Management,Photojam
Petey,Feechan,pfeechana2@fotki.com,Male,28630,Sales Associate,Accounting,Plajo
Minda,Alsford,malsforda3@shutterfly.com,Female,75376,Programmer III,Marketing,Vipe
Claudio,Goulborne,cgoulbornea4@nature.com,Male,30752,Marketing Assistant,Product Management,Jaxspan
Sergei,Prestner,sprestnera5@latimes.com,Male,71962,Programmer IV,Research and Development,Jabberbean
Rycca,Clandillon,rclandillona6@globo.com,Female,36375,Staff Accountant I,Engineering,Aivee
Fredrick,Vaggers,fvaggersa7@bloglines.com,Male,91302,Staff Scientist,Accounting,Vitz
Loella,Lacase,llacasea8@example.com,Female,66762,Software Engineer IV,Human Resources,Divavu
Adriana,Kepe,akepea9@mac.com,Female,48960,VP Marketing,Sales,Livefish
Frederico,Giacopelo,fgiacopeloaa@is.gd,Male,75975,Registered Nurse,Accounting,Chatterpoint
Denys,Found,dfoundab@hud.gov,Male,100782,Account Representative IV,Marketing,Topicshots
Pren,Plott,pplottac@wikipedia.org,Male,32750,Human Resources Manager,Support,Wordify
Johan,Assiratti,jassirattiad@addthis.com,Male,40952,Chief Design Engineer,Marketing,Photofeed
Stanfield,Blenkhorn,sblenkhornae@g.co,Male,46499,Research Associate,Legal,Photobean
Barde,Keese,bkeeseaf@sitemeter.com,Male,39575,Quality Engineer,Product Management,Shufflebeat
Candy,Royan,croyanag@123-reg.co.uk,Female,19208,Mechanical Systems Engineer,Engineering,Thoughtblab
Ellen,Proschek,eproschekah@examiner.com,Female,97100,Automation Specialist II,Human Resources,Topdrive
Albert,Rikel,arikelai@unc.edu,Male,53828,Accountant I,Training,Photofeed
Berta,Fealy,bfealyaj@studiopress.com,Female,95566,Marketing Manager,Marketing,Youopia
Joshua,Clubley,jclubleyak@cam.ac.uk,Male,41583,Information Systems Manager,Human Resources,Muxo
Eldredge,Doohan,edoohanal@cnet.com,Male,30580,Chief Design Engineer,Support,Shufflebeat
Elladine,MacKnight,emacknightam@blogger.com,Female,70470,Data Coordiator,Human Resources,Skimia
Nichol,Dorset,ndorsetan@1688.com,Female,47505,Clinical Specialist,Engineering,Brainsphere
Bil,Tie,btieao@facebook.com,Male,105246,Speech Pathologist,Accounting,Edgeify
Odilia,Stebbings,ostebbingsap@opensource.org,Female,70203,Geological Engineer,Marketing,Wikizz
Luciana,Eland,lelandaq@istockphoto.com,Female,48694,Cost Accountant,Research and Development,Brainbox
Aloin,Goves,agovesar@1und1.de,Male,34052,Editor,Accounting,Centidel
Angel,Blazevic,ablazevicas@dell.com,Female,72107,Assistant Manager,Sales,Devpoint
Merill,Gertray,mgertrayat@dropbox.com,Male,46142,Operator,Human Resources,Voonix
Alexander,Petrelli,apetrelliau@nba.com,Male,42588,Nuclear Power Engineer,Sales,Realbuzz
Krista,Howden,khowdenav@quantcast.com,Female,50913,VP Accounting,Services,Flashspan
Andrea,Songhurst,asonghurstaw@buzzfeed.com,Female,15132,Recruiting Manager,Business Development,Trudeo
Elita,Dighton,edightonax@indiatimes.com,Female,43599,Biostatistician I,Sales,Topiczoom
Jock,Dempsey,jdempseyay@nsw.gov.au,Male,96470,Operator,Support,Meejo
Dillon,Lednor,dlednoraz@google.co.uk,Male,16461,Office Assistant II,Human Resources,Rhynyx
Jared,Mandry,jmandryb0@cbslocal.com,Male,100956,Internal Auditor,Marketing,Tagchat
Jessee,Persitt,jpersittb1@spotify.com,Male,104337,Associate Professor,Legal,Mymm
Sumner,Broadfield,sbroadfieldb2@apache.org,Male,12872,Computer Systems Analyst I,Product Management,Agimba
Ryan,Surphliss,rsurphlissb3@nyu.edu,Male,97648,General Manager,Engineering,DabZ
Mozelle,Crumpton,mcrumptonb4@cpanel.net,Female,57216,Geological Engineer,Legal,Dabshots
Layney,Ropert,lropertb5@webs.com,Female,73438,GIS Technical Architect,Services,Voonder
Maressa,Limrick,mlimrickb6@domainmarket.com,Female,16875,Senior Editor,Legal,Zoomzone
Jennifer,Bowdon,jbowdonb7@blog.com,Female,58202,Recruiter,Legal,Devify
Andreana,Bartholin,abartholinb8@behance.net,Female,47209,Internal Auditor,Sales,Innotype
Bernetta,Treves,btrevesb9@freewebs.com,Female,49093,VP Marketing,Business Development,Skiptube
Skelly,Foxcroft,sfoxcroftba@comsenz.com,Male,35942,Safety Technician I,Marketing,Wordtune
Harlie,Ryburn,hryburnbb@patch.com,Female,43015,Health Coach II,Research and Development,Devpoint
Nannette,Desmond,ndesmondbc@alibaba.com,Female,46998,Administrative Officer,Accounting,Zooveo
Woodman,Capehorn,wcapehornbd@wordpress.org,Male,82907,GIS Technical Architect,Business Development,Abata
Francois,Delgadillo,fdelgadillobe@pagesperso-orange.fr,Male,36660,Financial Analyst,Product Management,Tambee
Melvyn,Dunthorn,mdunthornbf@who.int,Male,101163,Legal Assistant,Accounting,Tekfly
Constanta,Dameisele,cdameiselebg@indiatimes.com,Female,65171,General Manager,Training,Realmix
Sapphire,Panchen,spanchenbh@ucoz.com,Female,88445,Office Assistant I,Sales,Zoovu
Paula,Gubbin,pgubbinbi@opensource.org,Female,87016,Media Manager II,Research and Development,Dabvine
Ruthanne,Swinburne,rswinburnebj@plala.or.jp,Female,14122,Web Designer I,Accounting,Mydeo
Jake,Feldman,jfeldmanbk@google.ru,Male,75446,Assistant Professor,Business Development,Skajo
Freida,Willmont,fwillmontbl@wordpress.com,Female,91674,Automation Specialist II,Support,Zoombox
Claudell,Carlens,ccarlensbm@globo.com,Male,19498,Community Outreach Specialist,Support,Topiclounge
Rik,Hearty,rheartybn@godaddy.com,Male,80225,Web Designer II,Engineering,Skaboo
Dickie,Lindroos,dlindroosbo@hibu.com,Male,39201,VP Marketing,Services,Topicblab
Bordie,Clyde,bclydebp@odnoklassniki.ru,Male,91669,Dental Hygienist,Support,Youspan
Shem,Trase,strasebq@businessinsider.com,Male,24263,Staff Scientist,Product Management,Buzzster
Farly,Nand,fnandbr@yellowbook.com,Male,60033,Electrical Engineer,Research and Development,Nlounge
Arline,Colebourn,acolebournbs@cloudflare.com,Female,37182,Assistant Manager,Legal,Snaptags
Alonzo,Whapples,awhapplesbt@squarespace.com,Male,71095,Recruiting Manager,Marketing,Fivechat
Patty,Panner,ppannerbu@msn.com,Female,64924,Research Associate,Sales,Wordtune
Fabiano,Humphery,fhumpherybv@google.ru,Male,97197,Software Test Engineer I,Research and Development,Dazzlesphere
Drona,Garroch,dgarrochbw@walmart.com,Female,28577,Editor,Product Management,Twitterbridge
Travis,Imbrey,timbreybx@constantcontact.com,Male,67302,Payment Adjustment Coordinator,Business Development,Devshare
Murdoch,Argyle,margyleby@fema.gov,Male,62435,Clinical Specialist,Accounting,Oyoyo
Biddie,Coiley,bcoileybz@tripadvisor.com,Female,32824,Recruiter,Sales,Skippad
Nanci,Wurz,nwurzc0@amazon.co.jp,Female,45319,Executive Secretary,Business Development,Roombo
Esra,Preuvost,epreuvostc1@parallels.com,Male,55067,Human Resources Assistant I,Product Management,Yacero
Chrysler,Atkinson,catkinsonc2@dedecms.com,Female,88708,Biostatistician II,Marketing,Thoughtmix
Warner,Kummerlowe,wkummerlowec3@sciencedirect.com,Male,91459,Information Systems Manager,Marketing,Zoombeat
Shawn,Nunes Nabarro,snunesnabarroc4@vk.com,Male,32267,Dental Hygienist,Product Management,Thoughtworks
Jude,Dogg,jdoggc5@bigcartel.com,Male,25804,Civil Engineer,Support,Mudo
Suellen,Gansbuhler,sgansbuhlerc6@google.es,Female,36260,Dental Hygienist,Training,DabZ
Gertie,Cremer,gcremerc7@histats.com,Female,50417,Speech Pathologist,Sales,Realpoint
Dwayne,Dell,ddellc8@surveymonkey.com,Male,55818,Accountant I,Product Management,Trunyx
Farrell,Rapport,frapportc9@phoca.cz,Male,36122,Community Outreach Specialist,Business Development,Photojam
Hedi,Gawen,hgawenca@hhs.gov,Female,46676,Web Developer IV,Product Management,Flipstorm
Monro,Bernadzki,mbernadzkicb@digg.com,Male,42360,Executive Secretary,Engineering,Muxo
Currey,McTurley,cmcturleycc@slate.com,Male,42855,Occupational Therapist,Marketing,Linktype
Hube,Gawkroge,hgawkrogecd@edublogs.org,Male,61252,Senior Editor,Legal,Eazzy
Clive,Steagall,csteagallce@seattletimes.com,Male,41826,Accountant IV,Training,Fivespan
Marlin,Jaeggi,mjaeggicf@google.com.hk,Male,72033,VP Product Management,Training,Eayo
Allianora,Uglow,auglowcg@wikipedia.org,Female,42375,VP Sales,Human Resources,Gigabox
Maje,Adnett,madnettch@senate.gov,Male,93675,Nurse,Engineering,Centidel
Iris,Coite,icoiteci@virginia.edu,Female,71100,Structural Analysis Engineer,Engineering,Einti
Siusan,Elphey,selpheycj@cam.ac.uk,Female,94807,Cost Accountant,Human Resources,Skimia
Norine,Uden,nudenck@washingtonpost.com,Female,50521,Web Developer II,Marketing,Oozz
Duncan,Weight,dweightcl@google.ru,Male,59813,Electrical Engineer,Business Development,Jatri
Puff,Cadge,pcadgecm@umn.edu,Male,107786,Nurse Practicioner,Engineering,Browsetype
Berte,O'Concannon,boconcannoncn@mediafire.com,Female,26858,Clinical Specialist,Legal,Gigashots
Ben,Teall,bteallco@google.co.jp,Male,44197,Web Developer III,Research and Development,Kayveo
Skyler,Ingon,singoncp@so-net.ne.jp,Male,63783,Media Manager I,Services,Babbleset
Jim,Swadden,jswaddencq@mapy.cz,Male,40239,Geological Engineer,Research and Development,Eamia
Beauregard,Mazella,bmazellacr@admin.ch,Male,87670,VP Sales,Services,Skinix
Rosalia,Oldroyd,roldroydcs@archive.org,Female,107549,Recruiting Manager,Accounting,Devbug
Hilde,Ramsby,hramsbyct@desdev.cn,Female,21568,Senior Financial Analyst,Sales,Avamm
Jayson,Aberdein,jaberdeincu@howstuffworks.com,Male,57146,Information Systems Manager,Research and Development,Rhybox
Frankie,Wyllcocks,fwyllcockscv@miibeian.gov.cn,Male,81306,General Manager,Legal,Twitterlist
Evelyn,MacConnulty,emacconnultycw@howstuffworks.com,Female,91199,Nurse Practicioner,Services,Babbleopia
Cyrille,Livingstone,clivingstonecx@craigslist.org,Male,28567,Social Worker,Legal,Buzzshare
Rodolph,Cutmare,rcutmarecy@sciencedirect.com,Male,60610,Occupational Therapist,Training,Zoomcast
Gina,Izsak,gizsakcz@domainmarket.com,Female,51015,Web Designer IV,Training,Mymm
Starla,Hagan,shagand0@umich.edu,Female,22956,Account Coordinator,Product Management,Livetube
Retha,Dungay,rdungayd1@themeforest.net,Female,51216,Recruiter,Services,Voonix
Enos,Steketee,esteketeed2@mozilla.com,Male,56954,Nurse Practicioner,Research and Development,Jabbersphere
Padget,Goodinson,pgoodinsond3@exblog.jp,Male,15325,Programmer I,Accounting,Ailane
Goldie,Menicomb,gmenicombd4@delicious.com,Female,56800,Analog Circuit Design manager,Product Management,Gabcube
Domenic,Segges,dseggesd5@domainmarket.com,Male,15554,VP Sales,Product Management,Eamia
Camellia,Saffill,csaffilld6@liveinternet.ru,Female,85985,Senior Editor,Legal,Myworks
Mart,Janaway,mjanawayd7@chron.com,Male,78102,Speech Pathologist,Business Development,Vinte
Dannie,Meindl,dmeindld8@lulu.com,Female,74364,Media Manager IV,Services,JumpXS
Alvina,Hoodlass,ahoodlassd9@shop-pro.jp,Female,71480,Executive Secretary,Business Development,Skipfire
Shayne,Want,swantda@newsvine.com,Female,46337,Product Engineer,Research and Development,Shuffletag
Rick,Sahlstrom,rsahlstromdb@vimeo.com,Male,24326,Assistant Media Planner,Human Resources,Quire
Kyrstin,Pyott,kpyottdc@posterous.com,Female,20542,Physical Therapy Assistant,Support,Skinder
Oran,Dearlove,odearlovedd@csmonitor.com,Male,37671,Chief Design Engineer,Human Resources,Cogidoo
Muffin,Sparsholt,msparsholtde@tiny.cc,Male,32917,Editor,Human Resources,Tazzy
Amelita,Whiffen,awhiffendf@usda.gov,Female,8833,Director of Sales,Accounting,Yakitri
Raimund,MacGorman,rmacgormandg@twitpic.com,Male,107307,Occupational Therapist,Support,Feedfish
Fredelia,Simonin,fsimonindh@discovery.com,Female,79828,VP Accounting,Accounting,Gigazoom
Linoel,Zambonini,lzamboninidi@wordpress.org,Male,98185,Recruiter,Accounting,Brightbean
Tiffanie,Craigie,tcraigiedj@mapquest.com,Female,58341,Quality Control Specialist,Human Resources,DabZ
Pietrek,Dennis,pdennisdk@google.com.au,Male,78107,Technical Writer,Sales,Livetube
Cozmo,Leitch,cleitchdl@booking.com,Male,60475,Dental Hygienist,Engineering,Livepath
Cheri,Brozek,cbrozekdm@techcrunch.com,Female,102634,Assistant Professor,Engineering,Yambee
Floria,Danielut,fdanielutdn@sitemeter.com,Female,11108,Research Assistant I,Engineering,Oba
Maury,Boundley,mboundleydo@marriott.com,Male,87126,Accounting Assistant I,Training,Topiclounge
Galvan,Kasper,gkasperdp@npr.org,Male,99058,Legal Assistant,Accounting,Jatri
Ikey,Buckthought,ibuckthoughtdq@indiegogo.com,Male,18514,Director of Sales,Research and Development,Einti
Haroun,Geratasch,hgerataschdr@google.cn,Male,89244,Computer Systems Analyst IV,Training,Jetwire
Cherin,Saben,csabends@phoca.cz,Female,89176,Accountant I,Services,Agimba
Eleanor,Redsell,eredselldt@cam.ac.uk,Female,80858,Information Systems Manager,Accounting,Avamba
Farrell,Main,fmaindu@comcast.net,Male,24239,Senior Cost Accountant,Business Development,Dynabox
Meredeth,Duly,mdulydv@merriam-webster.com,Male,89465,Analyst Programmer,Sales,Jaxnation
Marj,Reichert,mreichertdw@cnbc.com,Female,30107,Human Resources Assistant I,Research and Development,Midel
Vanya,Weich,vweichdx@slashdot.org,Male,50954,VP Marketing,Marketing,Kimia
Carey,Tesmond,ctesmonddy@instagram.com,Male,60523,VP Product Management,Marketing,Photobug
Tuckie,Marson,tmarsondz@qq.com,Male,33014,Occupational Therapist,Research and Development,Flashset
Wat,Grissett,wgrissette0@skype.com,Male,86492,Occupational Therapist,Sales,Photospace
Lucienne,Yellep,lyellepe1@noaa.gov,Female,56670,Operator,Human Resources,Flashset
Otto,Lohden,olohdene2@cocolog-nifty.com,Male,31310,Information Systems Manager,Research and Development,Topdrive
Burnard,Poley,bpoleye3@hp.com,Male,36082,Paralegal,Training,Trudeo
Worthy,MacWilliam,wmacwilliame4@merriam-webster.com,Male,66306,Health Coach III,Engineering,Janyx
Pyotr,Kobierzycki,pkobierzyckie5@behance.net,Male,70361,Pharmacist,Engineering,Realfire
Madelin,Postles,mpostlese6@ebay.com,Female,25368,Web Designer III,Business Development,Quatz
Lissy,Bachellier,lbachelliere7@howstuffworks.com,Female,65209,Pharmacist,Support,Flashspan
Chip,Flescher,cfleschere8@myspace.com,Male,97320,Administrative Assistant I,Training,Camimbo
Evy,Hallut,ehallute9@bluehost.com,Female,51259,Nurse Practicioner,Human Resources,Rhycero
Sherm,Leven,slevenea@odnoklassniki.ru,Male,64005,Social Worker,Engineering,Yodel
Allegra,Blackman,ablackmaneb@ning.com,Female,83049,Mechanical Systems Engineer,Research and Development,Myworks
Philippine,Dybald,pdybaldec@a8.net,Female,79003,Analyst Programmer,Support,Buzzshare
Jabez,Rewcassell,jrewcasselled@sciencedaily.com,Male,88874,Developer II,Marketing,Tekfly
Marty,O'Sherin,mosherinee@de.vu,Male,53440,Associate Professor,Marketing,Kamba
Porty,Nunes Nabarro,pnunesnabarroef@phoca.cz,Male,36129,Senior Developer,Accounting,Twitterwire
Conny,Sparks,csparkseg@cloudflare.com,Male,40299,Computer Systems Analyst III,Engineering,Leexo
Luise,Magill,lmagilleh@tmall.com,Female,79425,Financial Advisor,Services,Flipstorm
Bram,O'Murtagh,bomurtaghei@psu.edu,Male,88621,Graphic Designer,Research and Development,Voonyx
Joshua,Wingham,jwinghamej@scientificamerican.com,Male,63575,Database Administrator I,Accounting,Twinder
Haily,Shirley,hshirleyek@mysql.com,Male,103975,Civil Engineer,Business Development,Thoughtblab
Kimbra,Swanne,kswanneel@slate.com,Female,74378,Biostatistician II,Research and Development,Latz
Myrwyn,Cabotto,mcabottoem@google.cn,Male,75227,Chemical Engineer,Accounting,Camimbo
Joana,Hannabuss,jhannabussen@europa.eu,Female,100057,Senior Developer,Business Development,Skimia
Reidar,Retter,rrettereo@unicef.org,Male,92452,Editor,Research and Development,Trilia
Diena,Januszewski,djanuszewskiep@addthis.com,Female,30139,Accounting Assistant I,Training,Jaxbean
Hewet,Giamuzzo,hgiamuzzoeq@europa.eu,Male,85594,Account Executive,Product Management,Agimba
Bentley,Dmitrienko,bdmitrienkoer@oaic.gov.au,Male,38304,Tax Accountant,Accounting,Blognation
Norry,Daveridge,ndaveridgees@businessinsider.com,Female,99916,Programmer Analyst II,Services,Viva
Sterne,Ellar,sellaret@purevolume.com,Male,77568,Assistant Media Planner,Human Resources,Jetwire
Blythe,Tink,btinkeu@wunderground.com,Female,95716,Human Resources Manager,Training,Demizz
Opal,Mitchenson,omitchensonev@ezinearticles.com,Female,13798,Cost Accountant,Human Resources,Youspan
Cecil,Sharp,csharpew@blogger.com,Female,68363,Actuary,Research and Development,Centimia
Juliet,Lees,jleesex@qq.com,Female,13439,Civil Engineer,Sales,Skippad
Junina,Spata,jspataey@rediff.com,Female,23399,Electrical Engineer,Accounting,Browsetype
Dorie,O'Dulchonta,dodulchontaez@fema.gov,Male,87741,GIS Technical Architect,Services,Vimbo
Chilton,Fevier,cfevierf0@theguardian.com,Male,34462,Design Engineer,Accounting,Brainbox
Gerrie,Cathersides,gcathersidesf1@mlb.com,Female,30382,Librarian,Human Resources,Wikizz
Mabel,Sapshed,msapshedf2@altervista.org,Female,49493,Database Administrator II,Human Resources,Feedfire
Shelden,Dawid,sdawidf3@livejournal.com,Male,57448,Financial Advisor,Business Development,Jayo
Farand,Sallinger,fsallingerf4@qq.com,Female,37505,Operator,Engineering,Aibox
Callie,Dysert,cdysertf5@engadget.com,Female,22504,VP Marketing,Services,Bluezoom
Tore,Madle,tmadlef6@ft.com,Male,39736,Mechanical Systems Engineer,Engineering,Yakitri
Delphine,Tilne,dtilnef7@issuu.com,Female,17354,Director of Sales,Engineering,Ntags
Staford,Corsham,scorshamf8@ucsd.edu,Male,66110,Editor,Engineering,Kanoodle
Petra,Bricham,pbrichamf9@imageshack.us,Female,40793,Nurse,Research and Development,Dabvine
Lindsay,Sockell,lsockellfa@t.co,Male,103507,Technical Writer,Engineering,Browsecat
Casandra,Adiscot,cadiscotfb@moonfruit.com,Female,45731,Statistician III,Marketing,Skipfire
Ardenia,Cayet,acayetfc@webs.com,Female,92716,Legal Assistant,Research and Development,Meemm
Nathan,Loverock,nloverockfd@usatoday.com,Male,54634,Accountant II,Legal,Jatri
Myrta,Gearty,mgeartyfe@independent.co.uk,Female,106138,Research Assistant III,Marketing,Mydeo
Aurie,Rivett,arivettff@xing.com,Female,69838,Senior Cost Accountant,Services,Gabtune
Mauricio,Cadden,mcaddenfg@about.me,Male,54975,Staff Scientist,Training,Fivespan
Dreddy,Eede,deedefh@miibeian.gov.cn,Female,64227,Geological Engineer,Accounting,Digitube
Lenci,Duprey,ldupreyfi@businessinsider.com,Male,78494,GIS Technical Architect,Sales,Feedmix
Itch,Oppie,ioppiefj@ed.gov,Male,96909,Senior Financial Analyst,Marketing,Shuffletag
Tabby,L'oiseau,tloiseaufk@ovh.net,Female,64649,Account Executive,Research and Development,Mycat
Lissa,Daile,ldailefl@businessinsider.com,Female,96399,Operator,Research and Development,Voolia
Mabel,Tapin,mtapinfm@theguardian.com,Female,53833,Research Nurse,Legal,Innotype
Jessika,Toleman,jtolemanfn@yellowbook.com,Female,16395,Budget/Accounting Analyst IV,Support,Buzzster
Tore,Clubb,tclubbfo@live.com,Male,101353,Clinical Specialist,Accounting,Tambee
Burty,Heijnen,bheijnenfp@123-reg.co.uk,Male,80462,Executive Secretary,Legal,Demizz
Aubine,Delgaty,adelgatyfq@weebly.com,Female,47010,Accountant II,Research and Development,Kazu
Jaymee,Train,jtrainfr@ftc.gov,Female,82850,Biostatistician III,Product Management,Topicstorm
Chicky,Hemphill,chemphillfs@bbc.co.uk,Female,65228,Chemical Engineer,Engineering,Thoughtblab
Emelda,De la Zenne,edelazenneft@sohu.com,Female,36012,Social Worker,Services,Fiveclub
Lynett,Bonifacio,lbonifaciofu@uol.com.br,Female,44771,GIS Technical Architect,Support,Quinu
Chanda,Roseman,crosemanfv@illinois.edu,Female,57455,Database Administrator III,Training,DabZ
Rosaleen,Thorneley,rthorneleyfw@weibo.com,Female,98190,Executive Secretary,Research and Development,Twimbo
Melony,Dairton,mdairtonfx@networksolutions.com,Female,81510,Financial Analyst,Training,Edgeblab
Mandy,Vokins,mvokinsfy@nytimes.com,Female,34575,Office Assistant II,Legal,Wikido
Camilla,Dillingston,cdillingstonfz@elpais.com,Female,54826,Speech Pathologist,Accounting,Kwideo
Maude,Quilleash,mquilleashg0@state.tx.us,Female,20184,Media Manager III,Research and Development,Dynazzy
Pru,Fishbourn,pfishbourng1@istockphoto.com,Female,14921,Data Coordiator,Business Development,Fliptune
Alayne,Galletley,agalletleyg2@instagram.com,Female,38800,Accounting Assistant III,Product Management,Bubblebox
Dredi,Doncaster,ddoncasterg3@booking.com,Female,101540,Research Associate,Marketing,Tagfeed
Leann,Chasle,lchasleg4@squidoo.com,Female,40881,Community Outreach Specialist,Support,Feedmix
Bria,Charopen,bcharopeng5@toplist.cz,Female,45348,Executive Secretary,Support,Devpulse
Tommie,Bedin,tbeding6@skyrock.com,Male,37130,Database Administrator II,Support,Agimba
Joachim,Lideard,jlideardg7@barnesandnoble.com,Male,91403,Structural Analysis Engineer,Support,Yata
Donovan,Sallter,dsallterg8@washington.edu,Male,83634,Senior Developer,Support,Tagfeed
Erv,Blackborough,eblackboroughg9@hud.gov,Male,36085,Environmental Tech,Business Development,Ooba
Sebastian,Purdey,spurdeyga@slashdot.org,Male,36000,Environmental Tech,Training,Vinder
Marlee,Cavanaugh,mcavanaughgb@squidoo.com,Female,70113,Account Representative IV,Human Resources,Tagchat
Kass,Lonsbrough,klonsbroughgc@marketwatch.com,Female,74342,Civil Engineer,Services,Avamba
Alfons,Ebbings,aebbingsgd@booking.com,Male,70974,Mechanical Systems Engineer,Research and Development,Gigazoom
Thibaud,Hebborn,thebbornge@hexun.com,Male,52428,Geological Engineer,Human Resources,Skibox
Em,Blackall,eblackallgf@photobucket.com,Female,87772,Food Chemist,Marketing,Eamia
Noni,Gratrix,ngratrixgg@cbsnews.com,Female,37570,Junior Executive,Product Management,Realfire
Jake,Nassie,jnassiegh@theguardian.com,Male,106090,Administrative Assistant IV,Legal,Twiyo
Payton,Hanselmann,phanselmanngi@epa.gov,Male,26727,Business Systems Development Analyst,Human Resources,Edgetag
Selby,Allan,sallangj@webmd.com,Male,42985,Systems Administrator II,Product Management,Brainlounge
Leela,Eales,lealesgk@dell.com,Female,44248,Account Coordinator,Human Resources,Buzzshare
Chery,Lusgdin,clusgdingl@fastcompany.com,Female,45235,Executive Secretary,Product Management,Tazzy
Marcie,Eymer,meymergm@eepurl.com,Female,61977,Assistant Media Planner,Sales,Yodoo
Beau,Yakolev,byakolevgn@google.co.jp,Male,47133,Administrative Officer,Services,Thoughtstorm
Sheila,Bwy,sbwygo@theatlantic.com,Female,45112,Programmer I,Business Development,Thoughtsphere
Mark,Ommundsen,mommundsengp@wsj.com,Male,89233,Product Engineer,Support,Blogspan
Kristal,Pinnick,kpinnickgq@icq.com,Female,39950,Senior Sales Associate,Research and Development,Topicstorm
Ernie,Tomas,etomasgr@aboutads.info,Male,79137,VP Quality Control,Research and Development,Trudoo
Lincoln,Blenkharn,lblenkharngs@nationalgeographic.com,Male,15106,Marketing Manager,Sales,Twiyo
Mervin,Trollope,mtrollopegt@dot.gov,Male,22294,Junior Executive,Marketing,Yozio
Cassius,Massard,cmassardgu@house.gov,Male,60957,Assistant Manager,Marketing,Babblestorm
Alleen,Newland,anewlandgv@over-blog.com,Female,103690,Environmental Specialist,Sales,Tazzy
Powell,Hassey,phasseygw@instagram.com,Male,68243,Developer I,Accounting,Zoomdog
Eulalie,Breagan,ebreagangx@newsvine.com,Female,92562,Office Assistant IV,Research and Development,Blogpad
Sidnee,Jerman,sjermangy@cpanel.net,Male,46895,Executive Secretary,Engineering,Voonyx
Cherry,Farenden,cfarendengz@behance.net,Female,54632,Recruiter,Support,Skippad
Cariotta,Bourdice,cbourdiceh0@wired.com,Female,75217,Budget/Accounting Analyst II,Services,Fiveclub
Nevin,Gaskin,ngaskinh1@yolasite.com,Male,16969,Automation Specialist IV,Product Management,Livepath
Jeno,Fishbourn,jfishbournh2@google.co.jp,Male,81871,Recruiter,Business Development,Topicstorm
Ollie,Mourgue,omourgueh3@chicagotribune.com,Female,48700,Chief Design Engineer,Human Resources,Skinder
Renate,Anthill,ranthillh4@odnoklassniki.ru,Female,92627,VP Sales,Services,Devify
Cece,MacLice,cmacliceh5@unesco.org,Male,84206,Senior Sales Associate,Human Resources,Skalith
Josias,Paddock,jpaddockh6@usnews.com,Male,12258,Accounting Assistant III,Human Resources,Jaxbean
Kat,Ahrens,kahrensh7@joomla.org,Female,31978,Sales Associate,Research and Development,Realbridge
Leland,Castell,lcastellh8@nasa.gov,Female,50722,Structural Analysis Engineer,Services,Trudeo
Randie,Blest,rblesth9@photobucket.com,Female,79828,Safety Technician IV,Business Development,Oyonder
Jerome,Rickertsen,jrickertsenha@salon.com,Male,19741,Clinical Specialist,Sales,Cogilith
Nichols,Calabry,ncalabryhb@dyndns.org,Male,19775,Physical Therapy Assistant,Training,JumpXS
Breanne,Anespie,banespiehc@last.fm,Female,47155,Teacher,Legal,Yakijo
Randa,Edscer,redscerhd@lulu.com,Female,53871,Help Desk Technician,Engineering,Jamia
Deeyn,Dawtrey,ddawtreyhe@ucoz.com,Female,54256,Office Assistant I,Legal,Meetz
Alison,Faulds,afauldshf@example.com,Female,100167,VP Product Management,Services,Thoughtstorm
Faith,Carles,fcarleshg@toplist.cz,Female,97397,Librarian,Human Resources,Linkbridge
Godiva,Preston,gprestonhh@usatoday.com,Female,51495,GIS Technical Architect,Training,Jabbersphere
Killian,Woodyer,kwoodyerhi@toplist.cz,Male,21445,VP Sales,Research and Development,Meemm
Randy,Ragless,rraglesshj@cornell.edu,Male,29420,Operator,Engineering,Devcast
Adeline,Sawood,asawoodhk@angelfire.com,Female,99953,Research Associate,Human Resources,Yakidoo
Godard,Fardoe,gfardoehl@clickbank.net,Male,49483,Compensation Analyst,Human Resources,Oyonder
Viole,Sobczak,vsobczakhm@acquirethisname.com,Female,39834,Assistant Professor,Product Management,Avaveo
Yvor,Fairbrass,yfairbrasshn@dailymail.co.uk,Male,91846,Physical Therapy Assistant,Training,Dabvine
Delmar,Pepperell,dpepperellho@dot.gov,Male,44048,Software Engineer IV,Product Management,Zoonder
Matty,Mauser,mmauserhp@nps.gov,Male,42010,Junior Executive,Business Development,Kimia
Der,Karadzas,dkaradzashq@delicious.com,Male,69989,Assistant Professor,Sales,Shufflebeat
Joye,Gabel,jgabelhr@alibaba.com,Female,90630,Registered Nurse,Research and Development,Topicware
Darius,Charon,dcharonhs@businesswire.com,Male,52251,Account Coordinator,Human Resources,Avavee
Jarad,Tomeo,jtomeoht@51.la,Male,17941,Software Test Engineer II,Sales,Fanoodle
Ealasaid,Gillmore,egillmorehu@google.de,Female,96665,Assistant Media Planner,Engineering,Dazzlesphere
Tami,Pittel,tpittelhv@pbs.org,Female,79375,Assistant Media Planner,Support,Twitterwire
Esdras,Okeshott,eokeshotthw@army.mil,Male,101953,Staff Scientist,Services,Voonix
Roxane,Eckhard,reckhardhx@aol.com,Female,23651,Web Designer IV,Sales,Thoughtblab
Opal,Lusher,olusherhy@joomla.org,Female,87547,Senior Sales Associate,Marketing,Zoombox
Dylan,Fosdike,dfosdikehz@homestead.com,Male,40379,Administrative Officer,Services,Quimba
Olympie,McKerrow,omckerrowi0@soundcloud.com,Female,79330,Quality Control Specialist,Product Management,Demizz
Cirstoforo,Aucock,caucocki1@boston.com,Male,97055,VP Accounting,Marketing,Kwinu
Orton,Albrecht,oalbrechti2@oaic.gov.au,Male,50355,Web Designer I,Sales,Skivee
Vince,Jakoub,vjakoubi3@mysql.com,Male,101916,Clinical Specialist,Marketing,Gigaclub
Ardene,Bethell,abethelli4@parallels.com,Female,83881,Mechanical Systems Engineer,Product Management,Wikizz
Anastasia,Melior,ameliori5@timesonline.co.uk,Female,9123,GIS Technical Architect,Services,Dabjam
Franzen,Bresner,fbresneri6@domainmarket.com,Male,18509,Nurse,Research and Development,Fanoodle
Amos,Bart,abarti7@de.vu,Male,9635,Senior Quality Engineer,Accounting,Linkbridge
Sher,Lemonby,slemonbyi8@cisco.com,Female,74658,Senior Editor,Training,Agivu
Nady,Kopps,nkoppsi9@shareasale.com,Female,46681,Junior Executive,Accounting,Omba
Felicio,McWhannel,fmcwhannelia@zdnet.com,Male,73754,Financial Advisor,Services,Voonyx
Elias,Whitney,ewhitneyib@bing.com,Male,53862,Biostatistician II,Business Development,Eire
Alejandrina,Maudett,amaudettic@cbsnews.com,Female,17720,Statistician I,Support,Browsetype
Eldon,Plascott,eplascottid@xinhuanet.com,Male,60213,Senior Editor,Training,Kamba
Locke,Dacey,ldaceyie@unc.edu,Male,61931,Account Coordinator,Services,Oloo
Bab,Vynall,bvynallif@google.ca,Female,21927,Environmental Specialist,Services,Tagtune
Josefa,Tweddle,jtweddleig@shareasale.com,Female,86773,Sales Representative,Support,Gigashots
Gabey,Woolard,gwoolardih@mtv.com,Female,21110,Financial Analyst,Legal,Wordpedia
Essa,De Bernardi,edebernardiii@altervista.org,Female,41108,Community Outreach Specialist,Services,Brainlounge
Amaleta,Rance,aranceij@theglobeandmail.com,Female,75218,Technical Writer,Legal,Omba
Julita,Bound,jboundik@macromedia.com,Female,19975,Assistant Professor,Legal,Yozio
Brose,Whitington,bwhitingtonil@sciencedaily.com,Male,51417,Research Associate,Accounting,Jayo
Lina,Hindenberger,lhindenbergerim@loc.gov,Female,89665,Health Coach IV,Business Development,Ainyx
Berry,Rousel,brouselin@jimdo.com,Female,79713,Product Engineer,Engineering,Rhybox
Aldin,Bawden,abawdenio@bravesites.com,Male,40116,Paralegal,Sales,Demimbu
Hebert,Camacke,hcamackeip@arizona.edu,Male,80684,Social Worker,Sales,Rhybox
Ferd,Frie,ffrieiq@pcworld.com,Male,62177,Legal Assistant,Services,Jabbertype
Hayley,Manuelli,hmanuelliir@yandex.ru,Female,11248,Help Desk Operator,Legal,Aibox
Coral,Sancraft,csancraftis@businessinsider.com,Female,24850,Cost Accountant,Marketing,Zoomdog
Carine,Lichfield,clichfieldit@forbes.com,Female,13006,Media Manager IV,Support,Edgeblab
Mellie,Alvarado,malvaradoiu@google.ca,Female,85486,Community Outreach Specialist,Sales,Trupe
Goober,McMurrugh,gmcmurrughiv@answers.com,Male,62575,Information Systems Manager,Legal,Demivee
Phaedra,Baulcombe,pbaulcombeiw@hibu.com,Female,50570,Physical Therapy Assistant,Product Management,Edgeify
Eleonore,Guillerman,eguillermanix@omniture.com,Female,102544,Programmer I,Engineering,Kwimbee
Thornie,Alesin,talesiniy@fastcompany.com,Male,33614,Physical Therapy Assistant,Legal,Ntags
Elinore,Kinnach,ekinnachiz@g.co,Female,99603,Budget/Accounting Analyst III,Sales,Dynazzy
Terrye,Kinkead,tkinkeadj0@cornell.edu,Female,99786,Systems Administrator III,Engineering,Leenti
Perceval,Baldetti,pbaldettij1@sphinn.com,Male,107324,Editor,Sales,Dabjam
Hurleigh,Billin,hbillinj2@1und1.de,Male,76680,Engineer IV,Engineering,Tagtune
Marthe,Hardstaff,mhardstaffj3@alibaba.com,Female,21500,Marketing Assistant,Human Resources,Skimia
Buddie,Vanyakin,bvanyakinj4@xinhuanet.com,Male,38061,Staff Accountant II,Legal,Aibox
Nikolos,Lanon,nlanonj5@indiatimes.com,Male,50808,Budget/Accounting Analyst II,Sales,Vinte
Livy,Twizell,ltwizellj6@imgur.com,Female,14115,Design Engineer,Training,Twitterlist
Krystalle,Van Dale,kvandalej7@jalbum.net,Female,105875,Tax Accountant,Sales,Youbridge
Sapphire,O'Doherty,sodohertyj8@tinyurl.com,Female,45296,VP Accounting,Training,Tagfeed
Daile,Plowes,dplowesj9@1und1.de,Female,44778,Payment Adjustment Coordinator,Services,Oyonder
Zola,Scardifeild,zscardifeildja@netscape.com,Female,53153,Pharmacist,Marketing,Eimbee
Cordula,Vater,cvaterjb@whitehouse.gov,Female,58283,Research Nurse,Engineering,Livepath
Hanni,Evered,heveredjc@constantcontact.com,Female,103946,Media Manager I,Training,Divape
Ki,Matas,kmatasjd@jimdo.com,Female,106034,Speech Pathologist,Services,Thoughtbridge
Kliment,Dunstan,kdunstanje@wix.com,Male,30904,Director of Sales,Marketing,Kayveo
Paul,Lammerding,plammerdingjf@behance.net,Male,54612,Associate Professor,Legal,Miboo
Nathanael,Fritchly,nfritchlyjg@icq.com,Male,100439,Computer Systems Analyst IV,Services,Voonyx
Nannie,Camell,ncamelljh@eepurl.com,Female,92778,Account Coordinator,Sales,Kwinu
Lazarus,Danilchev,ldanilchevji@prlog.org,Male,102922,Software Consultant,Accounting,Buzzdog
Olympia,Rykert,orykertjj@hibu.com,Female,106339,Chemical Engineer,Human Resources,Linktype
Atalanta,Neissen,aneissenjk@nba.com,Female,16966,Financial Analyst,Sales,Gabspot
Andre,Morris,amorrisjl@oracle.com,Male,107205,Assistant Professor,Business Development,Plambee
Hallsy,O'Kelly,hokellyjm@tmall.com,Male,34530,Assistant Professor,Marketing,Demizz
Seamus,Thynn,sthynnjn@4shared.com,Male,59263,Software Test Engineer IV,Sales,Lajo
Theda,Portail,tportailjo@studiopress.com,Female,81937,Cost Accountant,Research and Development,Oyope
Matt,Sore,msorejp@gov.uk,Male,57707,Senior Financial Analyst,Business Development,Mybuzz
Martita,Veschi,mveschijq@nih.gov,Female,32903,Social Worker,Marketing,Photobug
Marylinda,Stormes,mstormesjr@macromedia.com,Female,90687,Pharmacist,Business Development,Zazio
Karleen,Housaman,khousamanjs@t.co,Female,39515,Project Manager,Support,Ooba
Janenna,Rounce,jrouncejt@un.org,Female,93094,Human Resources Manager,Business Development,Reallinks
Caryn,Morrilly,cmorrillyju@ed.gov,Female,102862,Senior Developer,Human Resources,Livetube
Vin,Gillogley,vgillogleyjv@moonfruit.com,Male,10447,Registered Nurse,Support,Zoovu
Germaine,Slaney,gslaneyjw@dell.com,Male,105906,Nurse,Research and Development,Quaxo
Winny,Belchambers,wbelchambersjx@sina.com.cn,Female,72300,Web Developer IV,Human Resources,Quinu
Fidelia,Tuhy,ftuhyjy@amazon.co.uk,Female,20019,Financial Advisor,Human Resources,Voonder
Lindsey,Fellgate,lfellgatejz@marriott.com,Male,56404,Legal Assistant,Support,Linkbridge
Vilma,Hanscome,vhanscomek0@wikipedia.org,Female,75477,Chemical Engineer,Engineering,Bluezoom
Shoshana,Lamke,slamkek1@state.gov,Female,24034,Recruiting Manager,Research and Development,Wordify
Jerrilyn,Donaway,jdonawayk2@hugedomains.com,Female,9397,Business Systems Development Analyst,Business Development,Vitz
Kaine,Bogace,kbogacek3@qq.com,Male,92599,VP Accounting,Training,Browseblab
Carlie,Pache,cpachek4@redcross.org,Male,81794,Environmental Tech,Research and Development,Zoomcast
Greg,Inchbald,ginchbaldk5@pinterest.com,Male,106956,Professor,Services,Youbridge
Jess,Burnhill,jburnhillk6@ucla.edu,Female,104155,Financial Advisor,Sales,Eadel
Mirelle,Dabnot,mdabnotk7@si.edu,Female,33385,VP Accounting,Human Resources,Mydo
Cristal,Bus,cbusk8@gnu.org,Female,13806,VP Marketing,Training,Fivechat
Standford,Bondar,sbondark9@google.com.br,Male,10552,Nurse,Support,Quinu
Dirk,McClary,dmcclaryka@canalblog.com,Male,11424,Legal Assistant,Business Development,Vipe
Sanderson,Negal,snegalkb@marriott.com,Male,102276,Occupational Therapist,Product Management,Buzzster
Nerita,Franies,nfranieskc@nps.gov,Female,83900,Database Administrator III,Business Development,Kwideo
Felizio,Vasse,fvassekd@unc.edu,Male,40964,VP Accounting,Engineering,Geba
Reid,Upchurch,rupchurchke@wisc.edu,Male,57311,Product Engineer,Human Resources,Roodel
Cristabel,McKeevers,cmckeeverskf@e-recht24.de,Female,92555,Quality Engineer,Services,Devpoint
Garrek,Spores,gsporeskg@google.nl,Male,11582,Business Systems Development Analyst,Research and Development,Vinte
Lanny,Baddam,lbaddamkh@vkontakte.ru,Male,59084,Geological Engineer,Legal,Demivee
Tabby,Allmen,tallmenki@unblog.fr,Female,25459,Pharmacist,Services,DabZ
Arabele,Glasby,aglasbykj@ezinearticles.com,Female,100005,Structural Engineer,Engineering,Babblestorm
Blythe,Eddis,beddiskk@whitehouse.gov,Female,84241,Health Coach IV,Accounting,Zooveo
Amby,Januszkiewicz,ajanuszkiewiczkl@google.co.uk,Male,45254,Programmer Analyst I,Sales,Blogspan
Gustavus,Derbyshire,gderbyshirekm@wordpress.com,Male,30166,Legal Assistant,Product Management,Dabtype
Elset,Connett,econnettkn@sciencedaily.com,Female,18331,Graphic Designer,Support,Divanoodle
Darcy,Renzullo,drenzulloko@github.io,Female,91165,Senior Editor,Accounting,Skippad
Beryle,Bucham,bbuchamkp@illinois.edu,Female,71898,Senior Financial Analyst,Legal,DabZ
Angelique,Chippin,achippinkq@hugedomains.com,Female,84274,Web Designer I,Research and Development,Divanoodle
Leigh,Edgson,ledgsonkr@slate.com,Female,33724,Food Chemist,Engineering,Thoughtbridge
Kaspar,Dash,kdashks@sohu.com,Male,63014,Marketing Manager,Business Development,Trilia
Murielle,Castellino,mcastellinokt@rakuten.co.jp,Female,78122,Teacher,Support,Skinix
Gene,Hamson,ghamsonku@wsj.com,Male,49627,Senior Sales Associate,Business Development,Voonix
Kit,Bentzen,kbentzenkv@bloglines.com,Male,104159,Geologist II,Research and Development,Katz
Emmy,Sindell,esindellkw@clickbank.net,Male,57094,Environmental Tech,Services,Photofeed
Alika,Luckman,aluckmankx@cbslocal.com,Female,87442,Senior Developer,Marketing,Thoughtstorm
Floyd,Ryrie,fryrieky@comsenz.com,Male,106150,VP Product Management,Research and Development,Edgepulse
Hadrian,Legendre,hlegendrekz@ning.com,Male,63352,Account Executive,Human Resources,Babbleopia
Rolf,Hayer,rhayerl0@alibaba.com,Male,68902,Geological Engineer,Services,Youbridge
Sunny,Duff,sduffl1@state.gov,Male,81777,Marketing Manager,Legal,Devbug
Granny,Thatcher,gthatcherl2@pbs.org,Male,40497,Registered Nurse,Product Management,Vinte
Jereme,Leahey,jleaheyl3@bandcamp.com,Male,93687,Chief Design Engineer,Training,Devpoint
Kellen,Oliveras,koliverasl4@geocities.com,Male,47861,Senior Sales Associate,Services,Mynte
Gabi,McCurtain,gmccurtainl5@google.com.br,Female,77695,Staff Scientist,Sales,Digitube
Patin,Finby,pfinbyl6@google.ru,Male,22332,Human Resources Manager,Business Development,Trilith
Pearce,Makiver,pmakiverl7@mit.edu,Male,51215,Biostatistician III,Sales,Zoombeat
Malanie,Erdis,merdisl8@pen.io,Female,94964,Environmental Tech,Sales,Devify
Mattie,Sphinxe,msphinxel9@walmart.com,Female,49559,Tax Accountant,Marketing,Vipe
Bondon,Bonfield,bbonfieldla@networksolutions.com,Male,61554,Nuclear Power Engineer,Engineering,Kare
Myer,Abbets,mabbetslb@photobucket.com,Male,20015,GIS Technical Architect,Accounting,Midel
Meghan,Pennini,mpenninilc@unicef.org,Female,12126,Accountant IV,Product Management,Skippad
Hardy,Ebbetts,hebbettsld@gov.uk,Male,45772,Senior Sales Associate,Training,Lazz
Rafaello,Lowson,rlowsonle@army.mil,Male,20600,Technical Writer,Human Resources,Avaveo
Tiffy,Lickess,tlickesslf@cloudflare.com,Female,57650,Product Engineer,Training,Realcube
Boyce,Grisedale,bgrisedalelg@hexun.com,Male,25124,VP Accounting,Legal,Voomm
Rex,Hurworth,rhurworthlh@weather.com,Male,39796,Sales Associate,Product Management,Meezzy
Tudor,Zmitrovich,tzmitrovichli@bravesites.com,Male,31397,Clinical Specialist,Product Management,Yakijo
Jay,Longbottom,jlongbottomlj@stanford.edu,Male,70274,Registered Nurse,Marketing,Aimbo
Sheila-kathryn,Hove,shovelk@umn.edu,Female,12232,Accountant III,Human Resources,Demivee
Terry,Snap,tsnapll@symantec.com,Female,103374,Accounting Assistant IV,Accounting,Mita
Gram,Djokovic,gdjokoviclm@china.com.cn,Male,58281,Quality Control Specialist,Services,Yamia
Ashla,Tookey,atookeyln@meetup.com,Female,90154,Cost Accountant,Training,Bubblemix
Fan,Feavyour,ffeavyourlo@creativecommons.org,Female,95941,Librarian,Services,Miboo
Codee,Shorto,cshortolp@tumblr.com,Female,63333,Accountant IV,Sales,Mudo
Alberta,Asbrey,aasbreylq@pagesperso-orange.fr,Female,34187,Desktop Support Technician,Engineering,Leenti
Thorpe,Casol,tcasollr@globo.com,Male,106231,Assistant Professor,Legal,Oyondu
Jacquelyn,Geillier,jgeillierls@so-net.ne.jp,Female,54848,Analyst Programmer,Product Management,Topicblab
Franklin,Burchess,fburchesslt@examiner.com,Male,39413,Internal Auditor,Research and Development,Mita
Jenilee,Ferruzzi,jferruzzilu@unc.edu,Female,95609,Administrative Assistant IV,Training,Twitterworks
Devan,Bigmore,dbigmorelv@squarespace.com,Female,65333,VP Product Management,Support,Youopia
Britt,Bielefeld,bbielefeldlw@nationalgeographic.com,Male,87435,Web Designer II,Marketing,Zooveo
Stanislaw,Tosney,stosneylx@hp.com,Male,58569,Chemical Engineer,Human Resources,Realbuzz
Pace,Biddleston,pbiddlestonly@bbc.co.uk,Male,48298,Speech Pathologist,Engineering,Skiba
Fairfax,Harlin,fharlinlz@dailymail.co.uk,Male,30018,Sales Representative,Accounting,Jazzy
Hewett,Osmund,hosmundm0@dell.com,Male,29170,General Manager,Business Development,Jabbertype
Jenine,Heminsley,jheminsleym1@fastcompany.com,Female,94562,Developer II,Human Resources,Skibox
Winnie,Severn,wsevernm2@lulu.com,Male,76728,Accounting Assistant I,Legal,Quatz
Netty,Beggio,nbeggiom3@domainmarket.com,Female,11513,Administrative Assistant IV,Engineering,Dynabox
Mendel,Farnaby,mfarnabym4@usnews.com,Male,44945,Quality Engineer,Human Resources,Demivee
Kacie,Fairholme,kfairholmem5@fotki.com,Female,22356,Recruiting Manager,Engineering,Quinu
Giffy,Beadham,gbeadhamm6@arizona.edu,Male,46558,Accountant I,Services,Quatz
Johnette,Itzhak,jitzhakm7@npr.org,Female,40505,Programmer I,Engineering,Quatz
Tabby,Siely,tsielym8@whitehouse.gov,Female,90325,Electrical Engineer,Accounting,Cogidoo
Sarge,Aylen,saylenm9@1688.com,Male,48848,Recruiting Manager,Product Management,Eabox
Nathalia,Rankcom,nrankcomma@google.fr,Female,83558,Media Manager IV,Accounting,Avavee
Misha,Barrar,mbarrarmb@webeden.co.uk,Female,96845,Structural Analysis Engineer,Product Management,Brainverse
Annie,Houndesome,ahoundesomemc@hp.com,Female,64174,Software Test Engineer II,Sales,Browsezoom
Rois,Feander,rfeandermd@columbia.edu,Female,104815,Account Coordinator,Training,Quatz
Byrann,Shillito,bshillitome@last.fm,Male,38149,Compensation Analyst,Training,Zoomzone
Davidson,Alves,dalvesmf@usa.gov,Male,32626,Research Associate,Training,Wikizz
Griswold,Minifie,gminifiemg@vinaora.com,Male,22903,Human Resources Assistant III,Research and Development,Ailane
Hobart,Legrand,hlegrandmh@people.com.cn,Male,86843,Database Administrator IV,Accounting,Youopia
Wylie,Conradsen,wconradsenmi@samsung.com,Male,56925,Executive Secretary,Accounting,Feednation
Lilian,Primak,lprimakmj@google.com.br,Female,76503,Information Systems Manager,Business Development,Jetwire
Feliza,Frier,ffriermk@spiegel.de,Female,39940,Software Engineer III,Business Development,Zoomlounge
Theo,Stirrip,tstirripml@prlog.org,Female,92487,Database Administrator III,Training,Yozio
Blanch,Astbury,bastburymm@plala.or.jp,Female,34766,Systems Administrator IV,Product Management,Quamba
Issy,Hanratty,ihanrattymn@ebay.co.uk,Female,60966,Marketing Manager,Accounting,Youtags
Marijn,Cranfield,mcranfieldmo@google.com.au,Male,30631,Media Manager IV,Accounting,Centimia
Brockie,Pretsel,bpretselmp@dion.ne.jp,Male,104411,Director of Sales,Accounting,Linktype
Ludvig,Oliffe,loliffemq@w3.org,Male,96473,Web Developer IV,Training,Fadeo
Mary,Flattman,mflattmanmr@yahoo.com,Female,22268,Senior Developer,Research and Development,Kimia
Barry,Tortis,btortisms@example.com,Female,33578,Paralegal,Services,Zoomlounge
Barr,Sweetland,bsweetlandmt@nytimes.com,Male,11246,Design Engineer,Services,Wikizz
Bendix,Mackilpatrick,bmackilpatrickmu@webeden.co.uk,Male,50408,Assistant Professor,Sales,Bluezoom
Tracey,Bondley,tbondleymv@unicef.org,Male,49788,Director of Sales,Business Development,DabZ
Vlad,M'Barron,vmbarronmw@multiply.com,Male,106946,Automation Specialist I,Sales,Browsecat
Cecil,Blampy,cblampymx@hao123.com,Female,103708,Operator,Services,Vinder
Thorpe,Brecken,tbreckenmy@admin.ch,Male,44298,Social Worker,Business Development,Yakitri
Mable,Weavers,mweaversmz@hostgator.com,Female,50615,Electrical Engineer,Business Development,Eire
Kimberley,Latek,klatekn0@g.co,Female,37834,Recruiter,Services,Topiclounge
Elliot,Hasslocher,ehasslochern1@360.cn,Male,24103,Payment Adjustment Coordinator,Training,Ailane
Cody,Marushak,cmarushakn2@stumbleupon.com,Male,42517,Help Desk Operator,Accounting,Quaxo
Horatio,Basilone,hbasilonen3@umn.edu,Male,97174,Budget/Accounting Analyst III,Product Management,Skalith
Liam,Prandini,lprandinin4@va.gov,Male,28136,Health Coach II,Business Development,Skynoodle
Jeremias,Lindsay,jlindsayn5@mail.ru,Male,34971,Environmental Tech,Sales,Shuffledrive
Amelita,Balassa,abalassan6@noaa.gov,Female,71693,Community Outreach Specialist,Training,Reallinks
Franciska,Speake,fspeaken7@livejournal.com,Female,93788,Assistant Media Planner,Training,Zoomzone
Bastien,Eary,bearyn8@wufoo.com,Male,37558,Software Engineer IV,Engineering,Jabbertype
Binni,Tenaunt,btenauntn9@plala.or.jp,Female,11770,Marketing Assistant,Legal,Kwimbee
Nels,Petruska,npetruskana@bing.com,Male,24668,VP Product Management,Product Management,Gabtune
Rustin,Ascrofte,rascroftenb@sina.com.cn,Male,26314,Executive Secretary,Legal,Zoonder
Justus,MacCafferky,jmaccafferkync@businesswire.com,Male,73210,Financial Analyst,Human Resources,Voomm
Gonzales,Cheesman,gcheesmannd@ycombinator.com,Male,88835,VP Product Management,Marketing,Photofeed
Michell,Fewtrell,mfewtrellne@freewebs.com,Female,9077,Food Chemist,Business Development,Skajo
Michaella,Clynter,mclynternf@accuweather.com,Female,100214,Mechanical Systems Engineer,Services,Devshare
Fanni,Prosek,fprosekng@shinystat.com,Female,100884,Civil Engineer,Training,Yadel
Shelba,Dryburgh,sdryburghnh@elpais.com,Female,100494,Account Executive,Marketing,Rhyzio
Tymon,Passman,tpassmanni@irs.gov,Male,92933,Chemical Engineer,Research and Development,Meevee
Felice,Lockyear,flockyearnj@a8.net,Female,91366,Speech Pathologist,Accounting,Bubblebox
Nichol,Gregoretti,ngregorettink@baidu.com,Female,48050,Recruiting Manager,Research and Development,Wikivu
Hakim,Gerold,hgeroldnl@army.mil,Male,23885,Project Manager,Services,Tavu
Edee,Fearnley,efearnleynm@cargocollective.com,Female,101213,Staff Accountant IV,Engineering,Bluezoom
Akim,Rozenbaum,arozenbaumnn@auda.org.au,Male,17803,Chemical Engineer,Sales,Mita
Jarrett,Lambert,jlambertno@odnoklassniki.ru,Male,107020,Administrative Assistant III,Engineering,Shuffledrive
Kermy,Lesmonde,klesmondenp@networkadvertising.org,Male,80989,Electrical Engineer,Training,Blogpad
Brier,Lelliott,blelliottnq@apple.com,Female,26613,Teacher,Product Management,Fivespan
Hi,Misk,hmisknr@seesaa.net,Male,53574,Assistant Manager,Support,Oyoyo
Tonye,Magauran,tmagauranns@marriott.com,Female,70632,Geologist III,Human Resources,Realcube
Shawna,Vassar,svassarnt@cocolog-nifty.com,Female,77487,Assistant Media Planner,Human Resources,Zoombox
Lisha,Kingscott,lkingscottnu@e-recht24.de,Female,13516,Clinical Specialist,Research and Development,Buzzbean
Lucien,MacDirmid,lmacdirmidnv@php.net,Male,107645,Librarian,Product Management,Kare
Avivah,MacKenzie,amackenzienw@cocolog-nifty.com,Female,41682,Health Coach IV,Support,Oba
Reine,Douch,rdouchnx@go.com,Female,34931,Social Worker,Support,Youtags
Karlyn,Eller,kellerny@sciencedaily.com,Female,57662,Sales Representative,Research and Development,Dabfeed
Kerry,Ebbage,kebbagenz@nytimes.com,Female,42892,Administrative Assistant IV,Marketing,Brainsphere
Cassandre,Huckin,chuckino0@ox.ac.uk,Female,86389,Design Engineer,Sales,Zoovu
Paton,Veevers,pveeverso1@cornell.edu,Male,36219,Product Engineer,Sales,Lazz
Shina,Rouf,sroufo2@state.tx.us,Female,107891,Data Coordiator,Engineering,Photobug
Bran,Brownsey,bbrownseyo3@bloomberg.com,Male,8930,Financial Analyst,Services,Lazz
Wiley,Haggas,whaggaso4@com.com,Male,41756,Administrative Officer,Sales,Abatz
Wylma,Gouthier,wgouthiero5@studiopress.com,Female,57833,Payment Adjustment Coordinator,Accounting,Photolist
Jordan,Hamberstone,jhamberstoneo6@dailymotion.com,Male,37354,Desktop Support Technician,Product Management,Linktype
Deni,Colwell,dcolwello7@techcrunch.com,Female,93811,Senior Cost Accountant,Business Development,Jabbercube
Chandra,Tribbeck,ctribbecko8@woothemes.com,Female,13408,Human Resources Manager,Support,Skimia
Reg,Haugh,rhaugho9@businessweek.com,Male,83440,Operator,Legal,Oba
Abba,Duigan,aduiganoa@tripadvisor.com,Male,90510,Desktop Support Technician,Legal,Voomm
Nerita,Rabbe,nrabbeob@nhs.uk,Female,103519,Desktop Support Technician,Research and Development,Bubblemix
Camella,Gore,cgoreoc@ted.com,Female,99569,Associate Professor,Business Development,Tazz
Melodie,Southerell,msoutherellod@patch.com,Female,54968,Recruiting Manager,Product Management,LiveZ
Shelley,Gilhooley,sgilhooleyoe@blogtalkradio.com,Male,103205,Biostatistician I,Business Development,Meevee
Mirelle,Lamberts,mlambertsof@amazon.co.uk,Female,66958,Sales Representative,Sales,Oba
Abbi,Redmond,aredmondog@photobucket.com,Female,36136,Operator,Training,Oyoyo
Ginger,Alloisi,galloisioh@google.com,Male,60768,Staff Scientist,Research and Development,Rhynyx
Neille,Emburey,nembureyoi@google.pl,Female,103037,Health Coach III,Legal,Pixope
Trstram,Long,tlongoj@constantcontact.com,Male,61055,Office Assistant II,Product Management,Youbridge
Ewell,Dykas,edykasok@hibu.com,Male,51967,Health Coach II,Training,Gabtune
Jacqueline,Perelli,jperelliol@ucsd.edu,Female,94040,Geologist III,Human Resources,Yakitri
Elene,Disbrey,edisbreyom@reference.com,Female,25632,GIS Technical Architect,Human Resources,Twitterwire
Flemming,Brounfield,fbrounfieldon@cornell.edu,Male,36386,Senior Sales Associate,Marketing,Oodoo
Dun,Osorio,dosoriooo@histats.com,Male,67640,Web Designer I,Services,Rhycero
Norby,Rowlatt,nrowlattop@independent.co.uk,Male,10910,Computer Systems Analyst I,Sales,Skyba
Iago,Dymidowski,idymidowskioq@soundcloud.com,Male,78233,Quality Control Specialist,Engineering,Eayo
Cullie,Fourmy,cfourmyor@wikipedia.org,Male,62030,Information Systems Manager,Human Resources,Realfire
Sibilla,Mozzetti,smozzettios@seattletimes.com,Female,27121,Legal Assistant,Business Development,Digitube
Mozelle,Larne,mlarneot@studiopress.com,Female,59266,VP Accounting,Human Resources,Twinder
Tanhya,Hallihane,thallihaneou@diigo.com,Female,66924,Recruiter,Sales,Lajo
Georgine,Tommasuzzi,gtommasuzziov@sogou.com,Female,62248,Accounting Assistant I,Engineering,Realfire
Randie,Wilber,rwilberow@over-blog.com,Female,90641,Speech Pathologist,Training,Cogilith
Darla,Blaksland,dblakslandox@sogou.com,Female,56013,Office Assistant III,Services,Brainbox
Valerie,Westhoff,vwesthoffoy@wikispaces.com,Female,16981,Media Manager IV,Legal,Babbleopia
Andonis,Gillie,agillieoz@hhs.gov,Male,55516,Civil Engineer,Business Development,Gabspot
Sorcha,Tomasicchio,stomasicchiop0@ehow.com,Female,66236,Web Developer I,Training,Ozu
Sandra,Verden,sverdenp1@friendfeed.com,Female,45335,Environmental Specialist,Human Resources,Realbridge
Dickie,Livzey,dlivzeyp2@com.com,Male,78076,Marketing Manager,Services,Eayo
Daile,Jephson,djephsonp3@mlb.com,Female,13934,Data Coordiator,Sales,Photobean
Jessie,Mauchline,jmauchlinep4@ed.gov,Male,10205,Graphic Designer,Product Management,Jaxnation
Booth,Mityashev,bmityashevp5@npr.org,Male,42379,Help Desk Operator,Services,Centimia
Kathlin,Fawks,kfawksp6@usnews.com,Female,74462,Programmer I,Engineering,Skidoo
Winny,Trembey,wtrembeyp7@hud.gov,Male,63770,Cost Accountant,Business Development,Yakijo
Dinny,Bullar,dbullarp8@desdev.cn,Female,36978,Senior Financial Analyst,Business Development,Skyvu
Nial,Townend,ntownendp9@utexas.edu,Male,69138,Nurse,Support,Flashdog
Renate,Simonin,rsimoninpa@youtube.com,Female,102300,Biostatistician IV,Support,Brainlounge
Gustaf,Beahan,gbeahanpb@goo.gl,Male,30086,Recruiting Manager,Business Development,Avavee
Ranique,Godfree,rgodfreepc@vkontakte.ru,Female,100870,Actuary,Accounting,Kwinu
Jarad,Madoc-Jones,jmadocjonespd@nbcnews.com,Male,35373,Financial Advisor,Accounting,Livepath
Stephanie,Rameau,srameaupe@trellian.com,Female,42688,Human Resources Assistant II,Product Management,Photospace
Caryl,Arnaldi,carnaldipf@cam.ac.uk,Male,97115,Senior Quality Engineer,Marketing,Voonte
Urbain,Johnsey,ujohnseypg@house.gov,Male,82502,Community Outreach Specialist,Services,Omba
Dolores,Stolze,dstolzeph@sohu.com,Female,44324,Registered Nurse,Training,Twitterlist
Robin,Phebee,rphebeepi@cisco.com,Male,26712,VP Marketing,Training,Wordpedia
Danette,Sowerbutts,dsowerbuttspj@businessweek.com,Female,84686,Assistant Media Planner,Product Management,Meevee
Bennett,Biesterfeld,bbiesterfeldpk@cnbc.com,Male,58222,Structural Analysis Engineer,Accounting,Vitz
Darius,Daffey,ddaffeypl@bloomberg.com,Male,41005,Account Coordinator,Business Development,Demivee
Marv,Jerrans,mjerranspm@mashable.com,Male,15691,Editor,Business Development,Plajo
Clari,Letrange,cletrangepn@japanpost.jp,Female,34206,Director of Sales,Business Development,Trudeo
Vinson,Pipet,vpipetpo@devhub.com,Male,71222,Administrative Officer,Business Development,Layo
Boot,Shoebottom,bshoebottompp@github.io,Male,23830,Accounting Assistant II,Accounting,Brightdog
Darsie,Loton,dlotonpq@jimdo.com,Female,26198,Community Outreach Specialist,Sales,Browsedrive
Nicola,Sommer,nsommerpr@gmpg.org,Male,79716,Occupational Therapist,Business Development,Jabbersphere
Mile,Medforth,mmedforthps@independent.co.uk,Male,80169,General Manager,Marketing,Browsebug
Charlotta,Stegers,cstegerspt@zimbio.com,Female,74702,Software Test Engineer II,Support,Ozu
Colet,Hofer,choferpu@dagondesign.com,Male,30229,Speech Pathologist,Sales,Tambee
Saunders,Cancott,scancottpv@sfgate.com,Male,71829,Legal Assistant,Product Management,Skiba
Tannie,McCamish,tmccamishpw@youtube.com,Male,8712,Media Manager IV,Product Management,Mymm
Gwenny,Gionettitti,ggionettittipx@sun.com,Female,75410,Media Manager II,Training,Quatz
Raven,Yakushkin,ryakushkinpy@senate.gov,Female,58221,Financial Analyst,Research and Development,Devpoint
Karalee,Eite,keitepz@cdbaby.com,Female,40391,Nuclear Power Engineer,Product Management,Jabbersphere
Urban,Kalinsky,ukalinskyq0@desdev.cn,Male,19581,Programmer III,Training,Browseblab
Fields,Sawter,fsawterq1@ft.com,Male,90246,Automation Specialist II,Training,Oba
Tripp,Davenhill,tdavenhillq2@blogspot.com,Male,28968,VP Sales,Training,Browsebug
Corty,Levi,cleviq3@phpbb.com,Male,104214,Pharmacist,Business Development,Avavee
Ilyse,D'Alesco,idalescoq4@wordpress.com,Female,79643,Senior Cost Accountant,Accounting,Fivespan
Clementia,Partlett,cpartlettq5@soup.io,Female,27231,Quality Control Specialist,Business Development,Flipopia
Talbert,Wyllcock,twyllcockq6@bluehost.com,Male,39161,Food Chemist,Support,Vipe
Pooh,O'Doogan,podooganq7@psu.edu,Male,99378,Safety Technician IV,Legal,Jabbersphere
Harv,Davidovsky,hdavidovskyq8@mayoclinic.com,Male,78319,Account Executive,Sales,Meezzy
Brooke,Bartunek,bbartunekq9@phoca.cz,Male,80978,Information Systems Manager,Sales,Photolist
Paulina,Riden,pridenqa@clickbank.net,Female,76844,Web Designer II,Training,Fliptune
Augusto,Hedgeman,ahedgemanqb@weather.com,Male,16374,Assistant Media Planner,Support,Topicware
Poul,Waterworth,pwaterworthqc@bravesites.com,Male,36598,Community Outreach Specialist,Support,Centidel
Antoni,Manthorpe,amanthorpeqd@ibm.com,Male,34366,Web Designer IV,Sales,Avamm
Nealy,Lampl,nlamplqe@washingtonpost.com,Male,93124,Assistant Media Planner,Marketing,Jaxbean
Karim,Darnell,kdarnellqf@ow.ly,Male,41602,Assistant Manager,Business Development,Chatterbridge
Theo,Filkov,tfilkovqg@gizmodo.com,Female,93817,Payment Adjustment Coordinator,Human Resources,Ozu
Uriel,Dearnley,udearnleyqh@scribd.com,Male,56861,Systems Administrator III,Accounting,Riffpedia
Cedric,Wibrow,cwibrowqi@flavors.me,Male,102157,Assistant Manager,Support,Yakitri
Brook,Simeons,bsimeonsqj@auda.org.au,Female,39416,Information Systems Manager,Human Resources,Ainyx
Shelly,Borleace,sborleaceqk@businesswire.com,Female,96535,Account Representative II,Support,Youspan
Wang,Cutten,wcuttenql@alexa.com,Male,24072,Business Systems Development Analyst,Research and Development,Quatz
Cos,Spottiswoode,cspottiswoodeqm@google.co.jp,Male,66975,VP Sales,Legal,Topicblab
Waverly,Scutching,wscutchingqn@usgs.gov,Male,61887,Payment Adjustment Coordinator,Research and Development,Tagpad
Roselia,Garraway,rgarrawayqo@go.com,Female,48588,Food Chemist,Support,Shufflebeat
Stevana,Whittlesea,swhittleseaqp@blogger.com,Female,46910,Developer I,Human Resources,Realmix
Cindi,Youles,cyoulesqq@ameblo.jp,Female,28199,Research Associate,Training,Oyondu
Jeri,Bonnell,jbonnellqr@is.gd,Female,31464,Associate Professor,Research and Development,Topicware
Dalston,Doole,ddooleqs@ed.gov,Male,21977,Project Manager,Services,Skipstorm
Merrill,MacCurlye,mmaccurlyeqt@bandcamp.com,Male,28832,Cost Accountant,Marketing,Twimm
Ingeberg,Whitsun,iwhitsunqu@github.com,Female,40090,Programmer Analyst I,Services,Devpulse
Reade,Meynell,rmeynellqv@furl.net,Male,69835,Design Engineer,Product Management,Quatz
Emilee,Palombi,epalombiqw@nymag.com,Female,90547,Clinical Specialist,Services,Pixonyx
Frasier,Gowenlock,fgowenlockqx@redcross.org,Male,72195,Actuary,Legal,Aibox
Bart,Vennings,bvenningsqy@bizjournals.com,Male,57980,Account Representative III,Support,Jetpulse
Moises,Labram,mlabramqz@berkeley.edu,Male,15671,Information Systems Manager,Legal,Quatz
Constantine,Durran,cdurranr0@vk.com,Female,61524,Recruiter,Marketing,Camimbo
Clevie,Elgram,celgramr1@creativecommons.org,Male,60783,Research Nurse,Sales,Browsecat
Debera,Steinson,dsteinsonr2@ustream.tv,Female,102067,Senior Editor,Services,Yakijo
Effie,Prichard,eprichardr3@seesaa.net,Female,55384,Senior Financial Analyst,Support,Gigazoom
Zak,Glasman,zglasmanr4@domainmarket.com,Male,74191,Mechanical Systems Engineer,Support,Topicshots
Sheba,Jendrys,sjendrysr5@state.gov,Female,28731,Account Coordinator,Marketing,Flashpoint
Aristotle,Prose,aproser6@networksolutions.com,Male,106064,Professor,Services,Eidel
Prentice,Cummungs,pcummungsr7@ft.com,Male,77377,Nurse Practicioner,Support,Yodo
Kore,Emblem,kemblemr8@ovh.net,Female,11705,Quality Control Specialist,Accounting,Cogidoo
Ronnica,Labadini,rlabadinir9@java.com,Female,83183,Social Worker,Business Development,Meetz
Blake,Fullard,bfullardra@wix.com,Male,91234,Payment Adjustment Coordinator,Product Management,Mita
Eberto,Castagnone,ecastagnonerb@e-recht24.de,Male,84858,Research Assistant II,Product Management,Vipe
Arlan,Honnicott,ahonnicottrc@homestead.com,Male,61493,Data Coordiator,Services,Jaxspan
Marley,Redfield,mredfieldrd@fema.gov,Female,93728,Biostatistician II,Engineering,Realblab
Ringo,Enriquez,renriquezre@behance.net,Male,106800,Structural Analysis Engineer,Legal,Topicblab
Fredi,Hofner,fhofnerrf@netscape.com,Female,10135,Programmer III,Business Development,Ntags
Ruben,Andreolli,randreollirg@sitemeter.com,Male,65170,Health Coach III,Accounting,Thoughtmix
Meredith,Jouannot,mjouannotrh@mit.edu,Female,30098,Editor,Human Resources,Geba
Enrica,Ramsdale,eramsdaleri@slideshare.net,Female,10316,Programmer Analyst IV,Legal,Feedmix
Horst,Klaessen,hklaessenrj@taobao.com,Male,94191,Social Worker,Training,Zoomzone
Wendel,Esilmon,wesilmonrk@boston.com,Male,54719,Recruiting Manager,Legal,Mydeo
Hammad,Ewbanck,hewbanckrl@ning.com,Male,32866,Chief Design Engineer,Human Resources,Buzzbean
Kassie,Hail,khailrm@apple.com,Female,48814,Senior Quality Engineer,Product Management,Feednation
Prince,Augur,paugurrn@altervista.org,Male,107137,Structural Engineer,Marketing,Quamba
Lona,Shreeves,lshreevesro@dropbox.com,Female,50058,Internal Auditor,Accounting,Demizz
Bennie,Lichtfoth,blichtfothrp@drupal.org,Female,77407,Senior Sales Associate,Support,Npath
